species_a	species_b	fm_type	fm_C	fm_benefit_a	fm_benefit_b	fm_xfeed	smetana_MIP	smetana_MRO	sec
L_acidophilus_NCFM_GCF_000011985.1	MGYG000003891	mutualism	0.0877	0.007050	0.006905	4	5	0.8615384615384616	2.1
L_delbrueckii_ATCC_BAA365_GCF_000014405.1	MGYG000002371	mutualism	0.0201	0.546972	0.546977	5	5	0.8611111111111112	2.0
L_crispatus_M247_GCF_026740115.1	MGYG000004655	competition	0.0045	-0.104260	-0.104263	11	6	0.75	2.3
L_crispatus_ST1_GCF_000091765.1	MGYG000000129	mutualism	0.0239	0.481007	0.480996	5	8	0.6440677966101694	2.4
L_acidophilus_NCFM_GCF_000011985.1	MGYG000002883	mutualism	0.0037	0.018837	0.018637	7	11	0.7619047619047619	1.3
L_casei_ATCC393_GCF_000829055.1	MGYG000004160	mutualism	0.0197	0.130059	0.130049	6	7	0.819672131147541	2.6
L_gasseri_ATCC33323_GCF_000014425.1	MGYG000000370	mutualism	0.0745	0.030200	0.030204	8	5	0.8055555555555556	2.3
L_crispatus_ST1_GCF_000091765.1	MGYG000002567	mutualism	0.0157	0.041645	0.041639	6	8	0.8285714285714286	1.2
L_reuteri_DSM20016_GCF_000016825.1	MGYG000000683	competition	0.0626	-0.040370	-0.040368	9	6	0.7941176470588235	2.4
L_crispatus_M247_GCF_026740115.1	MGYG000001057	mutualism	0.0404	0.241723	0.241720	7	6	0.7352941176470589	1.3
L_acidophilus_NCFM_GCF_000011985.1	MGYG000001604	mutualism	0.0136	0.078824	0.078815	7	9	0.6666666666666666	1.7
L_acidophilus_NCFM_GCF_000011985.1	MGYG000003699	competition	0.0862	-0.339575	-0.339569	8	6	0.7941176470588235	1.4
L_crispatus_ST1_GCF_000091765.1	MGYG000003275	mutualism	0.0250	0.374323	0.374226	5	9	0.7647058823529411	1.3
L_acidophilus_NCFM_GCF_000011985.1	MGYG000002016	mutualism	0.0308	0.498319	0.498301	4	8	0.7761194029850746	1.4
L_plantarum_WCFS1_GCF_000203855.3	MGYG000003739	competition	0.0624	-0.394720	-0.394725	3	8	0.6909090909090909	3.0
L_paracasei_ATCC334_GCF_000014525.1	MGYG000000056	competition	0.1119	-0.266905	-0.266913	6	8	0.7037037037037037	2.5
L_paracasei_ATCC334_GCF_000014525.1	MGYG000000205	competition	0.0752	-0.380046	-0.380048	7	10	0.6071428571428571	1.9
L_plantarum_WCFS1_GCF_000203855.3	MGYG000004588	competition	0.0191	-0.115579	-0.115580	9	7	0.6909090909090909	1.6
L_delbrueckii_ATCC_BAA365_GCF_000014405.1	MGYG000002860	competition	0.0387	-0.101948	-0.101936	9	5	0.75	1.3
L_gasseri_ATCC33323_GCF_000014425.1	MGYG000003240	mutualism	0.0336	0.079651	0.079652	6	7	0.8115942028985508	1.3
L_delbrueckii_ATCC_BAA365_GCF_000014405.1	MGYG000002161	mutualism	0.1089	0.306896	0.306900	11	12	0.375	1.1
L_plantarum_WCFS1_GCF_000203855.3	MGYG000000358	competition	0.0244	-0.098322	-0.098326	5	10	0.7164179104477612	1.2
L_crispatus_ST1_GCF_000091765.1	MGYG000001552	mutualism	0.0293	0.079988	0.079987	5	7	0.8	1.5
L_crispatus_ST1_GCF_000091765.1	MGYG000000596	mutualism	0.0437	0.112667	0.112666	6	7	0.696969696969697	1.3
L_crispatus_ST1_GCF_000091765.1	MGYG000001894	mutualism	0.0324	0.006788	0.006782	5	6	0.8311688311688312	1.1
L_acidophilus_NCFM_GCF_000011985.1	MGYG000004317	competition	0.0241	-0.169464	-0.169465	7	8	0.7241379310344828	1.6
L_reuteri_DSM20016_GCF_000016825.1	MGYG000002377	mutualism	0.0441	0.059437	0.059451	8	3	0.8787878787878788	1.8
L_reuteri_DSM20016_GCF_000016825.1	MGYG000001797	competition	0.0434	-0.204678	-0.204664	7	6	0.6896551724137931	1.4
L_gasseri_ATCC33323_GCF_000014425.1	MGYG000004691	competition	0.0568	-0.285727	-0.285725	3	10	0.7384615384615385	1.5
L_paracasei_ATCC334_GCF_000014525.1	MGYG000003203	mutualism	0.0086	0.080632	0.080611	7	11	0.6875	1.5
L_casei_ATCC393_GCF_000829055.1	MGYG000001090	mutualism	0.0239	0.088479	0.088452	10	9	0.7333333333333333	1.4
L_casei_ATCC393_GCF_000829055.1	MGYG000004644	mutualism	0.0357	0.011871	0.011858	6	8	0.6984126984126984	1.4
L_delbrueckii_ATCC_BAA365_GCF_000014405.1	MGYG000004284	competition	0.0477	-0.342679	-0.342669	4	5	0.8181818181818182	1.2
L_gasseri_ATCC33323_GCF_000014425.1	MGYG000000591	mutualism	0.0430	0.278560	0.278556	6	13	0.6229508196721312	1.6
L_reuteri_DSM20016_GCF_000016825.1	MGYG000003753	competition	0.0580	-0.057083	-0.057073	4	3	0.8405797101449275	1.5
L_acidophilus_NCFM_GCF_000011985.1	MGYG000003750	mutualism	0.0344	0.043181	0.043187	6	5	0.8108108108108109	1.0
L_plantarum_WCFS1_GCF_000203855.3	MGYG000004234	competition	0.0370	-0.088161	-0.088159	6	6	0.711864406779661	1.7
L_crispatus_ST1_GCF_000091765.1	MGYG000001639	competition	0.0226	-0.108292	-0.108307	11	12	0.2857142857142857	1.6
L_crispatus_ST1_GCF_000091765.1	MGYG000003483	mutualism	0.0418	0.661927	0.661924	6	10	0.6774193548387096	1.2
L_acidophilus_NCFM_GCF_000011985.1	MGYG000004466	competition	0.0560	-0.279663	-0.279662	6	9	0.7619047619047619	1.4
L_acidophilus_NCFM_GCF_000011985.1	MGYG000004592	mutualism	0.0199	0.167697	0.167677	7	11	0.7619047619047619	1.4
L_casei_ATCC393_GCF_000829055.1	MGYG000000573	competition	0.1588	-0.355070	-0.355075	3	7	0.7017543859649122	1.3
L_crispatus_ST1_GCF_000091765.1	MGYG000004257	mutualism	0.0074	0.427403	0.427217	3	7	0.782608695652174	1.2
L_casei_ATCC393_GCF_000829055.1	MGYG000002783	mutualism	0.0399	0.025667	0.025596	4	6	0.7936507936507936	1.3
L_casei_ATCC393_GCF_000829055.1	MGYG000000026	competition	0.0533	-0.443529	-0.443531	6	6	0.6428571428571429	1.7
L_paracasei_ATCC334_GCF_000014525.1	MGYG000001305	competition	0.0639	-0.080628	-0.080639	4	6	0.8	1.5
L_reuteri_DSM20016_GCF_000016825.1	MGYG000003738	mutualism	0.0263	0.214098	0.214109	5	6	0.8055555555555556	0.9
L_casei_ATCC393_GCF_000829055.1	MGYG000000187	competition	0.3493	-0.412136	-0.412138	4	13	0.5263157894736842	1.6
L_acidophilus_NCFM_GCF_000011985.1	MGYG000000099	mutualism	0.0317	0.093600	0.093604	5	11	0.7796610169491526	1.6
L_gasseri_ATCC33323_GCF_000014425.1	MGYG000001093	competition	0.0259	-0.064290	-0.064310	10	8	0.7887323943661971	1.8
L_acidophilus_NCFM_GCF_000011985.1	MGYG000004472	competition	0.0287	-0.051458	-0.051457	6	6	0.8064516129032258	1.2
L_gasseri_ATCC33323_GCF_000014425.1	MGYG000000345	mutualism	0.0564	0.041221	0.041221	5	11	0.6229508196721312	1.6
L_rhamnosus_GG_GCF_000026505.1	MGYG000003932	competition	0.0560	-0.239795	-0.239803	3	6	0.7547169811320755	2.8
L_crispatus_ST1_GCF_000091765.1	MGYG000002716	mutualism	0.0234	0.091906	0.092004	8	8	0.7714285714285715	1.2
L_crispatus_ST1_GCF_000091765.1	MGYG000004253	mutualism	0.0458	0.359514	0.359508	9	8	0.711864406779661	1.7
L_casei_ATCC393_GCF_000829055.1	MGYG000001929	competition	0.0605	-0.077228	-0.077261	5	9	0.6666666666666666	1.5
L_crispatus_M247_GCF_026740115.1	MGYG000002030	mutualism	0.0514	0.159356	0.159352	2	5	0.8571428571428571	0.9
L_reuteri_DSM20016_GCF_000016825.1	MGYG000000268	competition	0.0651	-0.164736	-0.164723	6	13	0.711864406779661	2.0
L_reuteri_DSM20016_GCF_000016825.1	MGYG000004029	mutualism	0.0501	0.023021	0.023029	7	8	0.821917808219178	1.1
L_plantarum_WCFS1_GCF_000203855.3	MGYG000000337	competition	0.0508	-0.342500	-0.342498	5	12	0.6666666666666666	2.8
L_rhamnosus_GG_GCF_000026505.1	MGYG000001238	mutualism	0.0550	0.060797	0.060793	7	7	0.631578947368421	1.9
L_reuteri_DSM20016_GCF_000016825.1	MGYG000000289	mutualism	0.0070	0.166115	0.166124	8	8	0.6666666666666666	1.6
L_acidophilus_NCFM_GCF_000011985.1	MGYG000000312	competition	0.0258	-0.288414	-0.288413	8	7	0.8253968253968254	1.8
L_delbrueckii_ATCC_BAA365_GCF_000014405.1	MGYG000001115	competition	0.0652	-0.346936	-0.346924	10	10	0.75	1.3
L_crispatus_M247_GCF_026740115.1	MGYG000003867	mutualism	0.0627	0.013230	0.013230	8	9	0.6666666666666666	1.9
L_paracasei_ATCC334_GCF_000014525.1	MGYG000002841	competition	0.0283	-0.232912	-0.232922	7	7	0.8	1.4
L_paracasei_ATCC334_GCF_000014525.1	MGYG000000435	competition	0.1014	-0.278698	-0.278701	2	7	0.8285714285714286	1.3
L_paracasei_ATCC334_GCF_000014525.1	MGYG000001641	competition	0.0315	-0.135044	-0.135053	9	10	0.7575757575757576	1.2
L_paracasei_ATCC334_GCF_000014525.1	MGYG000003788	competition	0.1066	-0.145952	-0.145962	4	10	0.7761194029850746	1.1
L_crispatus_ST1_GCF_000091765.1	MGYG000000022	competition	0.0320	-0.279883	-0.279882	6	6	0.7457627118644068	1.7
L_delbrueckii_ATCC_BAA365_GCF_000014405.1	MGYG000001929	mutualism	0.0272	0.027578	0.027561	5	8	0.676923076923077	0.5
L_rhamnosus_GG_GCF_000026505.1	MGYG000004323	competition	0.1289	-0.195023	-0.195025	5	7	0.711864406779661	1.7
L_plantarum_WCFS1_GCF_000203855.3	MGYG000004483	competition	0.0727	-0.312133	-0.312141	4	9	0.6779661016949152	1.3
L_plantarum_WCFS1_GCF_000203855.3	MGYG000000951	mutualism	0.0293	0.186668	0.186656	7	11	0.6153846153846154	1.9
L_plantarum_WCFS1_GCF_000203855.3	MGYG000001918	competition	0.0401	-0.221092	-0.221092	5	11	0.7368421052631579	1.4
L_crispatus_M247_GCF_026740115.1	MGYG000002697	mutualism	0.0063	0.746664	0.746578	4	6	0.7575757575757576	1.1
L_delbrueckii_ATCC_BAA365_GCF_000014405.1	MGYG000000319	mutualism	0.0463	0.036484	0.036494	5	8	0.7714285714285715	1.6
L_rhamnosus_GG_GCF_000026505.1	MGYG000004070	mutualism	0.0095	0.368167	0.368140	9	9	0.7887323943661971	1.2
L_plantarum_WCFS1_GCF_000203855.3	MGYG000002672	mutualism	0.0214	0.250824	0.228040	6	5	0.6428571428571429	1.6
L_rhamnosus_GG_GCF_000026505.1	MGYG000000598	competition	0.0720	-0.331694	-0.331696	8	8	0.711864406779661	1.4
L_casei_ATCC393_GCF_000829055.1	MGYG000002530	competition	0.0553	-0.236763	-0.236765	5	6	0.7241379310344828	1.4
L_gasseri_ATCC33323_GCF_000014425.1	MGYG000002884	mutualism	0.0469	0.084913	0.084915	7	10	0.75	1.5
L_reuteri_DSM20016_GCF_000016825.1	MGYG000002412	competition	0.0244	-0.079212	-0.079201	8	15	0.6206896551724138	1.3
L_paracasei_ATCC334_GCF_000014525.1	MGYG000003011	mutualism	0.0082	0.231452	0.231404	7	10	0.696969696969697	1.7
L_crispatus_M247_GCF_026740115.1	MGYG000002948	competition	0.0559	-0.294743	-0.294742	4	5	0.7096774193548387	1.2
L_gasseri_ATCC33323_GCF_000014425.1	MGYG000001609	mutualism	0.0458	0.239084	0.239085	5	11	0.6774193548387096	1.6
L_acidophilus_NCFM_GCF_000011985.1	MGYG000004064	competition	0.0669	-0.172224	-0.172218	4	6	0.7941176470588235	1.5
L_gasseri_ATCC33323_GCF_000014425.1	MGYG000001241	mutualism	0.0259	0.359685	0.359611	5	6	0.7777777777777778	1.1
L_casei_ATCC393_GCF_000829055.1	MGYG000001641	competition	0.0620	-0.146361	-0.146370	6	10	0.676923076923077	0.6
L_gasseri_ATCC33323_GCF_000014425.1	MGYG000000045	competition	0.0577	-0.360105	-0.360103	4	8	0.6666666666666666	1.7
L_crispatus_M247_GCF_026740115.1	MGYG000003583	competition	0.1051	-0.306007	-0.306008	4	6	0.7017543859649122	1.3
L_plantarum_WCFS1_GCF_000203855.3	MGYG000004769	mutualism	0.0090	0.206815	0.206809	9	6	0.7142857142857143	1.7
L_delbrueckii_ATCC_BAA365_GCF_000014405.1	MGYG000003099	competition	0.0451	-0.253181	-0.253173	8	9	0.7272727272727273	1.8
L_crispatus_M247_GCF_026740115.1	MGYG000003173	competition	0.0536	-0.244761	-0.244761	6	7	0.7692307692307693	1.2
L_crispatus_ST1_GCF_000091765.1	MGYG000000374	competition	0.0708	-0.067892	-0.067889	3	5	0.88	0.9
L_crispatus_M247_GCF_026740115.1	MGYG000004134	mutualism	0.0103	0.140172	0.140147	9	14	0.7241379310344828	1.6
L_plantarum_WCFS1_GCF_000203855.3	MGYG000002377	competition	0.0578	-0.092823	-0.092824	7	7	0.7540983606557377	0.8
L_acidophilus_NCFM_GCF_000011985.1	MGYG000002186	competition	0.0186	-0.325402	-0.325397	9	7	0.7419354838709677	1.5
L_acidophilus_NCFM_GCF_000011985.1	MGYG000004335	competition	0.0547	-0.300666	-0.300664	8	6	0.7936507936507936	1.7
L_casei_ATCC393_GCF_000829055.1	MGYG000001697	competition	0.0390	-0.329994	-0.329994	8	8	0.6538461538461539	1.5
L_plantarum_WCFS1_GCF_000203855.3	MGYG000000422	competition	0.0181	-0.003345	-0.003357	5	9	0.711864406779661	1.3
L_plantarum_WCFS1_GCF_000203855.3	MGYG000001132	mutualism	0.0169	0.109272	0.109264	8	11	0.711864406779661	1.9
L_crispatus_ST1_GCF_000091765.1	MGYG000004079	mutualism	0.0203	0.414551	0.414532	6	7	0.7777777777777778	1.0
L_crispatus_M247_GCF_026740115.1	MGYG000000847	mutualism	0.0447	0.119473	0.119473	4	10	0.7	1.5
L_delbrueckii_ATCC_BAA365_GCF_000014405.1	MGYG000003589	mutualism	0.0247	0.401012	0.401011	12	16	0.7333333333333333	1.9
L_rhamnosus_GG_GCF_000026505.1	MGYG000004199	competition	0.0375	-0.106197	-0.106200	5	9	0.7761194029850746	1.0
L_gasseri_ATCC33323_GCF_000014425.1	MGYG000003605	mutualism	0.0498	0.007675	0.007512	7	6	0.868421052631579	1.1
L_rhamnosus_GG_GCF_000026505.1	MGYG000002651	mutualism	0.0343	0.079024	0.078995	7	9	0.6779661016949152	1.9
L_casei_ATCC393_GCF_000829055.1	MGYG000002544	mutualism	0.0275	0.112721	0.112719	8	11	0.6666666666666666	1.5
L_paracasei_ATCC334_GCF_000014525.1	MGYG000003843	mutualism	0.0079	0.361643	0.361616	9	7	0.7714285714285715	1.3
L_reuteri_DSM20016_GCF_000016825.1	MGYG000003868	mutualism	0.0068	0.317935	0.317945	5	12	0.7017543859649122	2.0
L_casei_ATCC393_GCF_000829055.1	MGYG000000163	competition	0.0467	-0.466502	-0.466504	6	14	0.7017543859649122	1.8
L_paracasei_ATCC334_GCF_000014525.1	MGYG000002382	competition	0.0896	-0.347430	-0.347427	8	12	0.6122448979591837	2.2
L_gasseri_ATCC33323_GCF_000014425.1	MGYG000002181	mutualism	0.0239	0.012189	0.012184	6	7	0.7761194029850746	1.7
L_plantarum_WCFS1_GCF_000203855.3	MGYG000004479	competition	0.0861	-0.373017	-0.373014	4	9	0.6792452830188679	1.7
L_delbrueckii_ATCC_BAA365_GCF_000014405.1	MGYG000003605	mutualism	0.1080	0.013847	0.013691	5	7	0.8421052631578947	0.5
L_crispatus_M247_GCF_026740115.1	MGYG000001017	mutualism	0.0182	0.279099	0.279061	5	4	0.8	1.9
L_crispatus_M247_GCF_026740115.1	MGYG000002620	mutualism	0.0177	0.172571	0.172572	7	14	0.7017543859649122	1.6
L_crispatus_M247_GCF_026740115.1	MGYG000002944	mutualism	0.0328	0.102179	0.102184	7	13	0.71875	1.3
L_crispatus_M247_GCF_026740115.1	MGYG000001856	mutualism	0.0159	0.593253	0.593238	15	11	0.2222222222222222	0.9
L_reuteri_DSM20016_GCF_000016825.1	MGYG000002291	competition	0.0259	-0.004144	-0.004130	8	10	0.6296296296296297	2.1
L_acidophilus_NCFM_GCF_000011985.1	MGYG000004633	competition	0.0175	-0.283795	-0.283793	8	6	0.6666666666666666	1.3
L_crispatus_M247_GCF_026740115.1	MGYG000004189	mutualism	0.0215	0.532974	0.532950	5	10	0.7575757575757576	1.2
L_acidophilus_NCFM_GCF_000011985.1	MGYG000001655	mutualism	0.0255	0.177113	0.177117	6	9	0.7692307692307693	1.3
L_crispatus_M247_GCF_026740115.1	MGYG000000956	competition	0.0253	-0.104752	-0.104753	6	3	0.8529411764705882	1.7
L_crispatus_M247_GCF_026740115.1	MGYG000000010	competition	0.0961	-0.356406	-0.356400	7	16	0.6	2.0
L_crispatus_ST1_GCF_000091765.1	MGYG000000862	competition	0.1206	-0.418436	-0.418438	4	7	0.7301587301587301	1.3
L_plantarum_WCFS1_GCF_000203855.3	MGYG000002620	mutualism	0.0154	0.064638	0.064636	14	9	0.7450980392156863	1.3
L_reuteri_DSM20016_GCF_000016825.1	MGYG000003233	mutualism	0.0259	0.100136	0.100146	9	9	0.7619047619047619	1.3
L_paracasei_ATCC334_GCF_000014525.1	MGYG000001328	competition	0.0632	-0.357642	-0.357638	9	15	0.6071428571428571	1.9
L_acidophilus_NCFM_GCF_000011985.1	MGYG000004667	competition	0.0468	-0.234318	-0.234310	4	15	0.5769230769230769	2.7
L_crispatus_M247_GCF_026740115.1	MGYG000004292	mutualism	0.0437	0.136024	0.136022	5	5	0.7692307692307693	1.2
L_gasseri_ATCC33323_GCF_000014425.1	MGYG000001631	mutualism	0.0543	0.216419	0.216417	10	10	0.6779661016949152	1.5
L_crispatus_M247_GCF_026740115.1	MGYG000000415	mutualism	0.0274	0.077416	0.077408	12	8	0.6896551724137931	1.4
L_crispatus_ST1_GCF_000091765.1	MGYG000004665	competition	0.2403	-0.379383	-0.379389	6	10	0.8285714285714286	1.9
L_gasseri_ATCC33323_GCF_000014425.1	MGYG000004875	competition	0.2323	-0.403271	-0.403273	5	5	0.7692307692307693	1.2
L_rhamnosus_GG_GCF_000026505.1	MGYG000002578	competition	0.0535	-0.182227	-0.182232	8	6	0.7619047619047619	1.3
L_paracasei_ATCC334_GCF_000014525.1	MGYG000002616	competition	0.0198	-0.204599	-0.204609	4	8	0.72	1.1
L_crispatus_ST1_GCF_000091765.1	MGYG000003083	competition	0.0615	-0.215938	-0.215937	5	7	0.7096774193548387	1.7
L_delbrueckii_ATCC_BAA365_GCF_000014405.1	MGYG000004902	mutualism	0.0324	0.326772	0.326770	8	17	0.6666666666666666	1.4
L_crispatus_ST1_GCF_000091765.1	MGYG000003016	competition	0.0393	-0.291885	-0.291880	6	15	0.6037735849056604	2.2
L_gasseri_ATCC33323_GCF_000014425.1	MGYG000002169	mutualism	0.0296	0.036816	0.036840	6	6	0.8205128205128205	0.8
L_acidophilus_NCFM_GCF_000011985.1	MGYG000000088	competition	0.0604	-0.376788	-0.376788	4	8	0.6785714285714286	2.1
L_crispatus_M247_GCF_026740115.1	MGYG000001635	competition	0.0513	-0.298048	-0.298047	4	10	0.7	1.5
L_gasseri_ATCC33323_GCF_000014425.1	MGYG000003906	competition	0.2189	-0.292804	-0.292805	2	6	0.8	1.2
L_rhamnosus_GG_GCF_000026505.1	MGYG000002047	mutualism	0.0075	0.434129	0.434087	9	12	0.71875	1.1
L_acidophilus_NCFM_GCF_000011985.1	MGYG000002805	mutualism	0.0395	0.122337	0.122337	5	7	0.7619047619047619	1.2
L_casei_ATCC393_GCF_000829055.1	MGYG000003654	mutualism	0.0219	0.204930	0.204921	5	7	0.7647058823529411	1.9
L_rhamnosus_GG_GCF_000026505.1	MGYG000002880	competition	0.1110	-0.149502	-0.149503	4	5	0.7169811320754716	1.3
L_casei_ATCC393_GCF_000829055.1	MGYG000003397	competition	0.1341	-0.195256	-0.195263	4	14	0.6071428571428571	1.4
L_crispatus_M247_GCF_026740115.1	MGYG000001230	competition	0.0209	-0.239822	-0.239823	10	7	0.6451612903225806	1.2
L_crispatus_ST1_GCF_000091765.1	MGYG000002858	competition	0.0726	-0.293866	-0.293864	5	6	0.7096774193548387	1.8
L_delbrueckii_ATCC_BAA365_GCF_000014405.1	MGYG000000493	mutualism	0.0843	0.013595	0.013595	4	11	0.746268656716418	1.1
L_crispatus_M247_GCF_026740115.1	MGYG000001238	mutualism	0.0285	0.404262	0.404260	5	7	0.6129032258064516	0.6
L_plantarum_WCFS1_GCF_000203855.3	MGYG000003368	competition	0.0365	-0.124031	-0.124038	7	9	0.8181818181818182	1.2
L_crispatus_ST1_GCF_000091765.1	MGYG000002348	competition	0.6310	-0.495505	-0.495512	0	1	0.8985507246376812	1.3
L_casei_ATCC393_GCF_000829055.1	MGYG000000291	competition	0.0833	-0.079055	-0.079226	6	14	0.5666666666666667	1.9
L_crispatus_ST1_GCF_000091765.1	MGYG000000535	competition	0.0604	-0.215573	-0.215576	3	7	0.75	1.2
L_reuteri_DSM20016_GCF_000016825.1	MGYG000001593	mutualism	0.0345	0.039883	0.039892	9	9	0.6779661016949152	1.6
L_crispatus_M247_GCF_026740115.1	MGYG000001596	competition	0.0536	-0.351024	-0.351019	6	11	0.6896551724137931	1.5
L_delbrueckii_ATCC_BAA365_GCF_000014405.1	MGYG000000315	mutualism	0.0510	0.012215	0.012220	5	11	0.7384615384615385	1.2
L_crispatus_ST1_GCF_000091765.1	MGYG000002954	mutualism	0.0468	0.374677	0.374676	9	14	0.6774193548387096	2.1
L_rhamnosus_GG_GCF_000026505.1	MGYG000004093	mutualism	0.0225	0.091735	0.091717	7	12	0.6785714285714286	1.4
L_reuteri_DSM20016_GCF_000016825.1	MGYG000003059	competition	0.0437	-0.007222	-0.007216	6	4	0.8	1.2
L_gasseri_ATCC33323_GCF_000014425.1	MGYG000004790	mutualism	0.0026	0.233379	0.233352	12	6	0.782608695652174	1.1
L_reuteri_DSM20016_GCF_000016825.1	MGYG000000554	competition	0.0251	-0.070160	-0.070167	3	17	0.631578947368421	1.4
L_rhamnosus_GG_GCF_000026505.1	MGYG000002954	mutualism	0.0603	0.032206	0.032203	10	12	0.5964912280701754	1.4
L_plantarum_WCFS1_GCF_000203855.3	MGYG000002521	competition	0.0538	-0.342777	-0.342777	9	12	0.5581395348837209	2.8
L_crispatus_ST1_GCF_000091765.1	MGYG000002277	competition	0.0540	-0.121525	-0.121525	5	10	0.7096774193548387	1.4
L_casei_ATCC393_GCF_000829055.1	MGYG000004332	competition	0.0546	-0.343773	-0.343774	4	5	0.7540983606557377	2.0
L_crispatus_ST1_GCF_000091765.1	MGYG000001891	mutualism	0.0287	0.132645	0.132707	8	3	0.8611111111111112	1.0
L_crispatus_ST1_GCF_000091765.1	MGYG000003346	mutualism	0.0339	0.004966	0.004959	6	4	0.7	1.4
L_plantarum_WCFS1_GCF_000203855.3	MGYG000000663	mutualism	0.0020	0.771698	0.771635	8	15	0.7027027027027027	1.1
L_crispatus_M247_GCF_026740115.1	MGYG000004229	mutualism	0.0289	0.456772	0.456755	4	7	0.746268656716418	1.2
L_crispatus_ST1_GCF_000091765.1	MGYG000004026	mutualism	0.0169	0.041890	0.041885	7	8	0.782608695652174	1.3
L_crispatus_ST1_GCF_000091765.1	MGYG000001417	competition	0.0530	-0.138169	-0.138165	7	17	0.5769230769230769	2.8
L_paracasei_ATCC334_GCF_000014525.1	MGYG000004550	competition	0.0685	-0.364217	-0.364218	4	6	0.7	1.4
L_paracasei_ATCC334_GCF_000014525.1	MGYG000000129	mutualism	0.0295	0.107186	0.107171	4	7	0.6545454545454545	0.7
L_crispatus_M247_GCF_026740115.1	MGYG000004433	mutualism	0.0464	0.128517	0.128510	6	11	0.6557377049180327	1.4
L_crispatus_M247_GCF_026740115.1	MGYG000003769	competition	0.0614	-0.233356	-0.233354	2	8	0.6206896551724138	2.4
L_rhamnosus_GG_GCF_000026505.1	MGYG000002846	mutualism	0.0419	0.027382	0.027381	11	13	0.6153846153846154	1.6
L_plantarum_WCFS1_GCF_000203855.3	MGYG000003843	mutualism	0.0105	0.615579	0.615552	11	12	0.7246376811594203	0.7
L_reuteri_DSM20016_GCF_000016825.1	MGYG000003705	competition	0.0607	-0.173594	-0.173593	6	6	0.8307692307692308	1.6
L_reuteri_DSM20016_GCF_000016825.1	MGYG000000267	mutualism	0.0549	0.050194	0.050206	6	8	0.6440677966101694	1.4
L_acidophilus_NCFM_GCF_000011985.1	MGYG000000304	mutualism	0.0192	0.608811	0.608774	7	7	0.6551724137931034	2.0
L_crispatus_ST1_GCF_000091765.1	MGYG000003184	competition	0.0759	-0.306874	-0.306868	5	19	0.46808510638297873	2.4
L_reuteri_DSM20016_GCF_000016825.1	MGYG000002699	mutualism	0.0469	0.462615	0.462625	7	7	0.746268656716418	1.4
L_delbrueckii_ATCC_BAA365_GCF_000014405.1	MGYG000003573	mutualism	0.0941	0.006041	0.005974	5	9	0.75	1.1
L_rhamnosus_GG_GCF_000026505.1	MGYG000001393	competition	0.0547	-0.320470	-0.320466	7		0.5333333333333333	3.5
L_rhamnosus_GG_GCF_000026505.1	MGYG000002440	mutualism	0.0273	0.170016	0.170006	10	12	0.6206896551724138	1.5
L_reuteri_DSM20016_GCF_000016825.1	MGYG000002696	competition	0.0397	-0.096732	-0.096711	5	6	0.7878787878787878	1.3
L_paracasei_ATCC334_GCF_000014525.1	MGYG000003122	competition	0.0592	-0.295568	-0.295570	5	6	0.7666666666666667	1.3
L_paracasei_ATCC334_GCF_000014525.1	MGYG000004522	competition	0.0575	-0.355044	-0.355045	5	8	0.7213114754098361	1.2
L_acidophilus_NCFM_GCF_000011985.1	MGYG000001433	competition	0.0158	-0.102354	-0.102352	5	9	0.5925925925925926	1.6
L_paracasei_ATCC334_GCF_000014525.1	MGYG000004132	competition	0.1303	-0.189523	-0.189542	5	7	0.6101694915254238	2.2
L_gasseri_ATCC33323_GCF_000014425.1	MGYG000002760	competition	0.0858	-0.291571	-0.291570	5	4	0.8125	1.2
L_delbrueckii_ATCC_BAA365_GCF_000014405.1	MGYG000000559	competition	0.0381	-0.043284	-0.043279	8	11	0.7301587301587301	1.4
L_crispatus_M247_GCF_026740115.1	MGYG000003667	competition	0.0312	-0.017276	-0.017245	3	6	0.8533333333333334	0.7
L_crispatus_M247_GCF_026740115.1	MGYG000000422	mutualism	0.0276	0.110908	0.110897	5	8	0.7692307692307693	0.5
L_paracasei_ATCC334_GCF_000014525.1	MGYG000004257	mutualism	0.0170	0.009842	0.009652	4	9	0.676923076923077	0.6
L_gasseri_ATCC33323_GCF_000014425.1	MGYG000004683	mutualism	0.0193	0.625331	0.625313	6	6	0.8266666666666667	1.9
L_plantarum_WCFS1_GCF_000203855.3	MGYG000000156	competition	0.0386	-0.314960	-0.314963	4	5	0.8620689655172413	1.4
L_gasseri_ATCC33323_GCF_000014425.1	MGYG000004257	mutualism	0.0041	0.464096	0.463910	4	5	0.8055555555555556	0.5
L_reuteri_DSM20016_GCF_000016825.1	MGYG000000529	mutualism	0.0405	0.245919	0.245920	5	10	0.7936507936507936	1.2
L_crispatus_ST1_GCF_000091765.1	MGYG000000575	competition	0.0430	-0.139471	-0.139472	5	12	0.5862068965517241	1.4
L_delbrueckii_ATCC_BAA365_GCF_000014405.1	MGYG000002725	competition	0.0480	-0.047525	-0.047519	6	9	0.7945205479452054	1.4
L_casei_ATCC393_GCF_000829055.1	MGYG000003344	competition	0.0775	-0.068105	-0.068140	7	8	0.7868852459016393	2.3
L_acidophilus_NCFM_GCF_000011985.1	MGYG000000956	competition	0.0316	-0.097032	-0.097032	6	5	0.8235294117647058	0.5
L_paracasei_ATCC334_GCF_000014525.1	MGYG000000226	competition	0.4971	-0.470186	-0.470184	4	13	0.6666666666666666	1.9
L_delbrueckii_ATCC_BAA365_GCF_000014405.1	MGYG000001870	mutualism	0.0284	0.155451	0.155454	9	9	0.7692307692307693	1.3
L_rhamnosus_GG_GCF_000026505.1	MGYG000003233	competition	0.0469	-0.201847	-0.201849	9	8	0.8275862068965517	0.6
L_delbrueckii_ATCC_BAA365_GCF_000014405.1	MGYG000004880	competition	0.1030	-0.170841	-0.170839	8	9	0.6	1.4
L_acidophilus_NCFM_GCF_000011985.1	MGYG000004673	mutualism	0.0405	0.002536	0.002529	10	12	0.7017543859649122	2.2
L_crispatus_ST1_GCF_000091765.1	MGYG000001704	competition	0.0355	-0.283152	-0.283149	8	8	0.6779661016949152	1.4
L_paracasei_ATCC334_GCF_000014525.1	MGYG000004837	competition	0.2194	-0.312792	-0.312794	4	11	0.6792452830188679	1.8
L_plantarum_WCFS1_GCF_000203855.3	MGYG000003177	mutualism	0.0257	0.015017	0.015007	9	8	0.7058823529411765	1.4
L_crispatus_M247_GCF_026740115.1	MGYG000003632	competition	0.0137	-0.050740	-0.050783	7	12	0.6774193548387096	1.6
L_rhamnosus_GG_GCF_000026505.1	MGYG000003003	competition	0.0599	-0.117902	-0.117953	6	8	0.6206896551724138	2.1
L_gasseri_ATCC33323_GCF_000014425.1	MGYG000004703	mutualism	0.0035	0.048162	0.048149	11	6	0.6885245901639344	1.2
L_delbrueckii_ATCC_BAA365_GCF_000014405.1	MGYG000002418	mutualism	0.0102	0.062925	0.062930	7	14	0.5862068965517241	1.5
L_acidophilus_NCFM_GCF_000011985.1	MGYG000001984	mutualism	0.0587	0.096228	0.096225	5	6	0.746268656716418	1.1
L_casei_ATCC393_GCF_000829055.1	MGYG000004041	mutualism	0.0178	0.027740	0.027726	8	6	0.6779661016949152	1.2
L_acidophilus_NCFM_GCF_000011985.1	MGYG000000736	mutualism	0.0053	0.355780	0.355747	7	7	0.8571428571428571	1.1
L_reuteri_DSM20016_GCF_000016825.1	MGYG000002400	competition	0.0909	-0.176458	-0.176443	9	13	0.6181818181818182	2.8
L_crispatus_M247_GCF_026740115.1	MGYG000001703	competition	0.0543	-0.309479	-0.309473	5	17	0.56	2.2
L_rhamnosus_GG_GCF_000026505.1	MGYG000004864	mutualism	0.0108	0.001554	0.001550	11	11	0.6792452830188679	1.6
L_crispatus_ST1_GCF_000091765.1	MGYG000003318	mutualism	0.0085	0.115910	0.115892	11	17	0.631578947368421	1.4
L_casei_ATCC393_GCF_000829055.1	MGYG000001970	competition	0.0325	-0.234796	-0.234794	8	10	0.6101694915254238	1.6
L_plantarum_WCFS1_GCF_000203855.3	MGYG000002608	mutualism	0.0116	0.132137	0.132123	6	13	0.7352941176470589	1.3
L_plantarum_WCFS1_GCF_000203855.3	MGYG000004748	competition	0.0526	-0.308044	-0.308045	10	6	0.6153846153846154	2.7
L_acidophilus_NCFM_GCF_000011985.1	MGYG000002687	mutualism	0.0130	0.331576	0.331573	8	7	0.7	1.4
L_crispatus_ST1_GCF_000091765.1	MGYG000001130	competition	0.1076	-0.438351	-0.438353	2	6	0.7936507936507936	1.3
L_delbrueckii_ATCC_BAA365_GCF_000014405.1	MGYG000000562	competition	0.0273	-0.258650	-0.258639	7	11	0.711864406779661	1.4
L_plantarum_WCFS1_GCF_000203855.3	MGYG000002430	mutualism	0.0087	0.179562	0.179558	5	6	0.6909090909090909	1.5
L_crispatus_M247_GCF_026740115.1	MGYG000004017	mutualism	0.0409	0.037121	0.037118	6	6	0.7761194029850746	1.3
L_delbrueckii_ATCC_BAA365_GCF_000014405.1	MGYG000003131	mutualism	0.0223	0.100819	0.100828	12	17	0.6101694915254238	2.7
L_reuteri_DSM20016_GCF_000016825.1	MGYG000002163	mutualism	0.0141	0.424712	0.424704	7	6	0.23809523809523808	1.2
L_reuteri_DSM20016_GCF_000016825.1	MGYG000001697	competition	0.0590	-0.102842	-0.102833	8	8	0.6666666666666666	0.7
L_acidophilus_NCFM_GCF_000011985.1	MGYG000004484	competition	0.0444	-0.293100	-0.293107	6	6	0.7887323943661971	1.2
L_crispatus_ST1_GCF_000091765.1	MGYG000004822	mutualism	0.0922	0.124965	0.124967	1	6	0.8732394366197183	1.3
L_delbrueckii_ATCC_BAA365_GCF_000014405.1	MGYG000002352	mutualism	0.0323	0.160296	0.160294	8	14	0.6984126984126984	1.3
L_casei_ATCC393_GCF_000829055.1	MGYG000000207	competition	0.0495	-0.341980	-0.341985	4	9	0.6363636363636364	1.3
L_crispatus_M247_GCF_026740115.1	MGYG000001781	mutualism	0.0667	0.001547	0.001544	3	6	0.7575757575757576	2.1
L_crispatus_ST1_GCF_000091765.1	MGYG000002155	competition	0.0745	-0.022216	-0.022217	2	6	0.7647058823529411	1.1
L_paracasei_ATCC334_GCF_000014525.1	MGYG000002110	competition	0.0711	-0.353066	-0.353068	6	6	0.6885245901639344	1.4
L_paracasei_ATCC334_GCF_000014525.1	MGYG000003483	mutualism	0.0280	0.238819	0.238818	5	9	0.6551724137931034	0.6
L_crispatus_ST1_GCF_000091765.1	MGYG000002563	competition	0.0648	-0.260164	-0.260157	6	4	0.8181818181818182	1.4
L_reuteri_DSM20016_GCF_000016825.1	MGYG000000519	mutualism	0.0457	0.073557	0.073559	4	8	0.8611111111111112	1.1
L_crispatus_M247_GCF_026740115.1	MGYG000000980	mutualism	0.0473	0.143168	0.143152	3	9	0.6774193548387096	1.2
L_acidophilus_NCFM_GCF_000011985.1	MGYG000001865	mutualism	0.0459	0.114777	0.114780	3	6	0.7941176470588235	1.0
L_delbrueckii_ATCC_BAA365_GCF_000014405.1	MGYG000002485	mutualism	0.0445	0.074195	0.074208	8	10	0.7647058823529411	2.5
L_rhamnosus_GG_GCF_000026505.1	MGYG000002296	competition	0.0469	-0.338184	-0.338189	4	7	0.6071428571428571	1.7
L_rhamnosus_GG_GCF_000026505.1	MGYG000001037	mutualism	0.0354	0.031819	0.031813	5	11	0.7384615384615385	1.2
L_gasseri_ATCC33323_GCF_000014425.1	MGYG000002401	competition	0.0597	-0.176556	-0.176550	4	18	0.5818181818181818	1.6
L_acidophilus_NCFM_GCF_000011985.1	MGYG000000468	mutualism	0.0440	0.165430	0.165433	7	5	0.8450704225352113	1.1
L_gasseri_ATCC33323_GCF_000014425.1	MGYG000003246	mutualism	0.0392	0.359673	0.359668	4	6	0.7142857142857143	1.1
L_paracasei_ATCC334_GCF_000014525.1	MGYG000002162	mutualism	0.0104	0.346726	0.346719	5	9	0.2727272727272727	2.0
L_crispatus_ST1_GCF_000091765.1	MGYG000004687	competition	0.0544	-0.292495	-0.292490	6	14	0.6181818181818182	1.7
L_acidophilus_NCFM_GCF_000011985.1	MGYG000003682	competition	0.0522	-0.117754	-0.117753	4	8	0.7272727272727273	1.4
L_acidophilus_NCFM_GCF_000011985.1	MGYG000004165	mutualism	0.0290	0.433610	0.433592	8	11	0.7428571428571429	1.2
L_reuteri_DSM20016_GCF_000016825.1	MGYG000003069	competition	0.1439	-0.168198	-0.168193	4	11	0.7241379310344828	1.4
L_reuteri_DSM20016_GCF_000016825.1	MGYG000001097	mutualism	0.0320	0.291717	0.291718	10	7	0.78125	1.3
L_acidophilus_NCFM_GCF_000011985.1	MGYG000004559	mutualism	0.0310	0.088236	0.088240	5	7	0.8767123287671232	1.3
L_crispatus_ST1_GCF_000091765.1	MGYG000004701	mutualism	0.0117	0.342605	0.342601	7	8	0.6666666666666666	1.2
L_acidophilus_NCFM_GCF_000011985.1	MGYG000004302	mutualism	0.0184	0.052200	0.052195	9	4	0.8611111111111112	2.1
L_paracasei_ATCC334_GCF_000014525.1	MGYG000003529	mutualism	0.0049	0.427433	0.427386	8	8	0.6666666666666666	1.2
L_paracasei_ATCC334_GCF_000014525.1	MGYG000001302	mutualism	0.0175	0.147447	0.147425	7	8	0.7878787878787878	1.3
L_paracasei_ATCC334_GCF_000014525.1	MGYG000000098	competition	0.0333	-0.278742	-0.278744	9	10	0.6181818181818182	1.7
L_reuteri_DSM20016_GCF_000016825.1	MGYG000000719	mutualism	0.0327	0.111008	0.111014	6	7	0.868421052631579	1.0
L_crispatus_M247_GCF_026740115.1	MGYG000000353	mutualism	0.0517	0.122065	0.122059	7	5	0.8405797101449275	1.2
L_reuteri_DSM20016_GCF_000016825.1	MGYG000001445	competition	0.0812	-0.172229	-0.172213	8	17	0.5306122448979592	3.7
L_casei_ATCC393_GCF_000829055.1	MGYG000001055	competition	0.0285	-0.197622	-0.197622	7	10	0.65625	1.3
L_plantarum_WCFS1_GCF_000203855.3	MGYG000001557	competition	0.0741	-0.232715	-0.232714	8	8	0.6774193548387096	1.3
L_paracasei_ATCC334_GCF_000014525.1	MGYG000001311	competition	0.0483	-0.325695	-0.325695	7	13	0.6666666666666666	2.1
L_paracasei_ATCC334_GCF_000014525.1	MGYG000001244	competition	0.0683	-0.053625	-0.053634	3	9	0.7272727272727273	1.2
L_crispatus_ST1_GCF_000091765.1	MGYG000002672	mutualism	0.0240	0.495349	0.228040	5	6	0.6557377049180327	0.5
L_rhamnosus_GG_GCF_000026505.1	MGYG000001665	mutualism	0.0083	0.399161	0.399128	9	5	0.8125	1.2
L_rhamnosus_GG_GCF_000026505.1	MGYG000003867	competition	0.0607	-0.120140	-0.120143	7	12	0.6181818181818182	0.7
L_crispatus_M247_GCF_026740115.1	MGYG000000611	mutualism	0.0109	0.236900	0.236871	8	13	0.6779661016949152	2.2
L_gasseri_ATCC33323_GCF_000014425.1	MGYG000004555	mutualism	0.0415	0.054093	0.054092	4	5	0.7076923076923077	1.2
L_casei_ATCC393_GCF_000829055.1	MGYG000000302	competition	0.0914	-0.341193	-0.341194	3	6	0.7333333333333333	1.4
L_plantarum_WCFS1_GCF_000203855.3	MGYG000002925	competition	0.0245	-0.088258	-0.088315	1	15	0.7466666666666667	0.9
L_crispatus_ST1_GCF_000091765.1	MGYG000004297	competition	0.0813	-0.299865	-0.299863	5	6	0.7301587301587301	1.2
L_delbrueckii_ATCC_BAA365_GCF_000014405.1	MGYG000001769	competition	0.1725	-0.109785	-0.109774	4	9	0.7887323943661971	1.2
L_delbrueckii_ATCC_BAA365_GCF_000014405.1	MGYG000000980	mutualism	0.0188	0.132210	0.132206	7	13	0.6875	0.5
L_casei_ATCC393_GCF_000829055.1	MGYG000000886	competition	0.0557	-0.267610	-0.267607	9	8	0.6440677966101694	1.5
L_paracasei_ATCC334_GCF_000014525.1	MGYG000001002	competition	0.0693	-0.347984	-0.347985	8	4	0.7796610169491526	2.6
L_casei_ATCC393_GCF_000829055.1	MGYG000001259	mutualism	0.0352	0.006586	0.006553	7	11	0.7272727272727273	1.5
L_acidophilus_NCFM_GCF_000011985.1	MGYG000002638	competition	0.0284	-0.233430	-0.233429	6	10	0.7540983606557377	1.5
L_reuteri_DSM20016_GCF_000016825.1	MGYG000002645	competition	0.0264	-0.244438	-0.244441	9	12	0.6896551724137931	1.4
L_crispatus_ST1_GCF_000091765.1	MGYG000003737	mutualism	0.0305	0.059815	0.059814	5	5	0.7619047619047619	1.0
L_delbrueckii_ATCC_BAA365_GCF_000014405.1	MGYG000002149	mutualism	0.0306	0.046643	0.046649	10	11	0.6774193548387096	1.5
L_rhamnosus_GG_GCF_000026505.1	MGYG000002430	competition	0.0069	-0.002008	-0.002013	7	5	0.7037037037037037	0.7
L_rhamnosus_GG_GCF_000026505.1	MGYG000002517	competition	0.0644	-0.355938	-0.355940	9	7	0.6792452830188679	2.8
L_reuteri_DSM20016_GCF_000016825.1	MGYG000004864	competition	0.0680	-0.146675	-0.146674	10	13	0.631578947368421	0.7
L_crispatus_M247_GCF_026740115.1	MGYG000004465	mutualism	0.0262	0.322565	0.322567	5	6	0.8611111111111112	1.2
L_casei_ATCC393_GCF_000829055.1	MGYG000001863	competition	0.0782	-0.052021	-0.052044	5	7	0.746268656716418	1.0
L_acidophilus_NCFM_GCF_000011985.1	MGYG000001302	mutualism	0.0169	0.512574	0.512554	5	5	0.8285714285714286	0.5
L_reuteri_DSM20016_GCF_000016825.1	MGYG000003310	mutualism	0.0424	0.193953	0.193958	6	9	0.7532467532467533	1.1
L_rhamnosus_GG_GCF_000026505.1	MGYG000004080	competition	0.0821	-0.362270	-0.362270	8	13	0.7457627118644068	1.3
