model_id	n_metabolites	n_reactions	n_genes	biomass_rxn	growth_rate	load_time_s	pfba_time_s
MGYG000000030__gradient_L0_base_gapseq	1329	1501	372	bio1	0.000000	2.086670	0.091985
MGYG000000030__gradient_L1_inulin_gapseq	1329	1501	372	bio1	0.000000	1.830340	0.082992
MGYG000000030__gradient_L2_fos_gapseq	1329	1501	372	bio1	0.000000	1.642550	0.078080
MGYG000000030__gradient_L3_gos_gapseq	1329	1501	372	bio1	0.864462	1.705835	6.877588
MGYG000000030__gradient_L4_xos_gapseq	1329	1501	372	bio1	0.864462	1.573835	7.166746
MGYG000000030__gradient_L5_pectin_gapseq	1329	1501	372	bio1	0.864462	1.579634	6.952923
MGYG000000030__gradient_L6_resistant_starch_gapseq	1329	1501	372	bio1	1.372079	1.814299	6.886419
MGYG000000030__gradient_L7_bglucan_gapseq	1329	1501	372	bio1	1.553976	1.807602	7.002647
MGYG000000030__gradient_L8_hmo_gapseq	1329	1501	372	bio1	1.553976	1.601641	7.071211
MGYG000000030__gradient_L9_mos_gapseq	1329	1501	372	bio1	1.553976	1.765886	7.078073
MGYG000000072__gradient_L0_base_gapseq	1263	1324	314	bio1	0.379587	1.690160	5.901159
MGYG000000072__gradient_L1_inulin_gapseq	1263	1324	314	bio1	0.534524	1.570073	5.544171
MGYG000000072__gradient_L2_fos_gapseq	1263	1324	314	bio1	0.534524	1.429212	5.798996
MGYG000000072__gradient_L3_gos_gapseq	1263	1324	314	bio1	0.836652	1.436412	5.586505
MGYG000000072__gradient_L4_xos_gapseq	1263	1324	314	bio1	0.836652	1.713826	5.594515
MGYG000000072__gradient_L5_pectin_gapseq	1263	1324	314	bio1	0.836652	1.422784	5.783382
MGYG000000072__gradient_L6_resistant_starch_gapseq	1263	1324	314	bio1	0.991590	1.438057	5.704383
MGYG000000072__gradient_L7_bglucan_gapseq	1263	1324	314	bio1	1.208192	1.513951	5.550143
MGYG000000072__gradient_L8_hmo_gapseq	1263	1324	314	bio1	1.208192	1.505885	6.139925
MGYG000000072__gradient_L9_mos_gapseq	1263	1324	314	bio1	1.208192	1.458437	5.620593
MGYG000000078__gradient_L0_base_gapseq	1345	1481	380	bio1	0.000000	2.069742	0.098573
MGYG000000078__gradient_L1_inulin_gapseq	1345	1481	380	bio1	0.000000	1.767979	0.081178
MGYG000000078__gradient_L2_fos_gapseq	1345	1481	380	bio1	0.000000	1.563945	0.085508
MGYG000000078__gradient_L3_gos_gapseq	1345	1481	380	bio1	0.573378	1.710260	6.827608
MGYG000000078__gradient_L4_xos_gapseq	1345	1481	380	bio1	0.573378	1.593227	6.996273
MGYG000000078__gradient_L5_pectin_gapseq	1345	1481	380	bio1	0.573378	1.581656	6.824555
MGYG000000078__gradient_L6_resistant_starch_gapseq	1345	1481	380	bio1	1.001525	1.790507	6.762795
MGYG000000078__gradient_L7_bglucan_gapseq	1345	1481	380	bio1	1.001525	1.780415	6.885491
MGYG000000078__gradient_L8_hmo_gapseq	1345	1481	380	bio1	1.001525	1.587566	6.935353
MGYG000000078__gradient_L9_mos_gapseq	1345	1481	380	bio1	1.072117	1.676872	7.111664
MGYG000000088__gradient_L0_base_gapseq	1472	1756	398	bio1	0.656396	2.252234	9.498249
MGYG000000088__gradient_L1_inulin_gapseq	1472	1756	398	bio1	0.872200	1.791444	9.627143
MGYG000000088__gradient_L2_fos_gapseq	1472	1756	398	bio1	0.872200	1.880514	9.559199
MGYG000000088__gradient_L3_gos_gapseq	1472	1756	398	bio1	1.086342	1.970534	9.351005
MGYG000000088__gradient_L4_xos_gapseq	1472	1756	398	bio1	1.086342	2.005497	9.428326
MGYG000000088__gradient_L5_pectin_gapseq	1472	1756	398	bio1	1.086342	2.036737	9.622417
MGYG000000088__gradient_L6_resistant_starch_gapseq	1472	1756	398	bio1	1.538988	1.971283	9.366113
MGYG000000088__gradient_L7_bglucan_gapseq	1472	1756	398	bio1	1.538988	1.766080	9.809257
MGYG000000088__gradient_L8_hmo_gapseq	1472	1756	398	bio1	1.538988	1.823779	9.662686
MGYG000000088__gradient_L9_mos_gapseq	1472	1756	398	bio1	1.644974	1.790290	9.819542
MGYG000000128__gradient_L0_base_gapseq	1104	1181	270	bio1	0.205896	1.517833	4.855898
MGYG000000128__gradient_L1_inulin_gapseq	1104	1181	270	bio1	0.360524	1.373677	4.556317
MGYG000000128__gradient_L2_fos_gapseq	1104	1181	270	bio1	0.360524	1.236077	4.578618
MGYG000000128__gradient_L3_gos_gapseq	1104	1181	270	bio1	0.468684	1.418235	4.551745
MGYG000000128__gradient_L4_xos_gapseq	1104	1181	270	bio1	0.468684	1.244946	4.696744
MGYG000000128__gradient_L5_pectin_gapseq	1104	1181	270	bio1	0.468684	1.309593	4.579233
MGYG000000128__gradient_L6_resistant_starch_gapseq	1104	1181	270	bio1	0.612902	1.471633	4.639602
MGYG000000128__gradient_L7_bglucan_gapseq	1104	1181	270	bio1	0.612902	1.244410	4.636297
MGYG000000128__gradient_L8_hmo_gapseq	1104	1181	270	bio1	0.612902	1.423926	4.546007
MGYG000000128__gradient_L9_mos_gapseq	1104	1181	270	bio1	0.757115	1.201135	4.765145
MGYG000000175__gradient_L0_base_gapseq	1657	1946	670	bio1	0.000000	2.552929	0.157765
MGYG000000175__gradient_L1_inulin_gapseq	1657	1946	670	bio1	0.000000	2.223205	0.153075
MGYG000000175__gradient_L2_fos_gapseq	1657	1946	670	bio1	0.000000	2.253138	0.149342
MGYG000000175__gradient_L3_gos_gapseq	1657	1946	670	bio1	0.000000	2.162604	0.149165
MGYG000000175__gradient_L4_xos_gapseq	1657	1946	670	bio1	0.000000	2.258188	0.150750
MGYG000000175__gradient_L5_pectin_gapseq	1657	1946	670	bio1	0.000000	2.260035	0.144250
MGYG000000175__gradient_L6_resistant_starch_gapseq	1657	1946	670	bio1	0.000000	2.116271	0.329680
MGYG000000175__gradient_L7_bglucan_gapseq	1657	1946	670	bio1	0.000000	2.058607	0.135315
MGYG000000175__gradient_L8_hmo_gapseq	1657	1946	670	bio1	0.000000	2.289078	0.121509
MGYG000000175__gradient_L9_mos_gapseq	1657	1946	670	bio1	0.000000	2.311599	0.123234
MGYG000000176__gradient_L0_base_gapseq	1715	1994	811	bio1	1.530278	2.635664	11.906129
MGYG000000176__gradient_L1_inulin_gapseq	1715	1994	811	bio1	1.868850	2.226201	12.073010
MGYG000000176__gradient_L2_fos_gapseq	1715	1994	811	bio1	1.868850	2.527290	11.874781
MGYG000000176__gradient_L3_gos_gapseq	1715	1994	811	bio1	2.201375	2.411181	11.779669
MGYG000000176__gradient_L4_xos_gapseq	1715	1994	811	bio1	2.390106	2.486705	12.074394
MGYG000000176__gradient_L5_pectin_gapseq	1715	1994	811	bio1	2.390106	2.434170	11.888823
MGYG000000176__gradient_L6_resistant_starch_gapseq	1715	1994	811	bio1	3.095995	2.447166	11.936951
MGYG000000176__gradient_L7_bglucan_gapseq	1715	1994	811	bio1	3.324773	2.406398	12.126907
MGYG000000176__gradient_L8_hmo_gapseq	1715	1994	811	bio1	3.485113	2.522796	11.988959
MGYG000000176__gradient_L9_mos_gapseq	1715	1994	811	bio1	3.641543	2.477426	12.227921
MGYG000000193__gradient_L0_base_gapseq	1362	1585	429	bio1	0.674146	2.010316	7.963673
MGYG000000193__gradient_L1_inulin_gapseq	1362	1585	429	bio1	0.781567	1.656064	7.749345
MGYG000000193__gradient_L2_fos_gapseq	1362	1585	429	bio1	0.781567	1.835107	7.752990
MGYG000000193__gradient_L3_gos_gapseq	1362	1585	429	bio1	0.998189	1.866035	7.808163
MGYG000000193__gradient_L4_xos_gapseq	1362	1585	429	bio1	1.074554	1.664702	7.999034
MGYG000000193__gradient_L5_pectin_gapseq	1362	1585	429	bio1	1.074554	1.692222	7.907052
MGYG000000193__gradient_L6_resistant_starch_gapseq	1362	1585	429	bio1	1.524107	1.791588	7.803440
MGYG000000193__gradient_L7_bglucan_gapseq	1362	1585	429	bio1	1.675473	1.830863	7.906477
MGYG000000193__gradient_L8_hmo_gapseq	1362	1585	429	bio1	1.785475	1.851480	7.706018
MGYG000000193__gradient_L9_mos_gapseq	1362	1585	429	bio1	1.854567	1.702633	7.996294
MGYG000000257__gradient_L0_base_gapseq	1165	1318	333	bio1	0.749695	1.650281	5.828098
MGYG000000257__gradient_L1_inulin_gapseq	1165	1318	333	bio1	1.040528	1.518708	5.489287
MGYG000000257__gradient_L2_fos_gapseq	1165	1318	333	bio1	1.040528	1.371608	5.634240
MGYG000000257__gradient_L3_gos_gapseq	1165	1318	333	bio1	1.335906	1.376713	5.439909
MGYG000000257__gradient_L4_xos_gapseq	1165	1318	333	bio1	1.335906	1.621228	5.484925
MGYG000000257__gradient_L5_pectin_gapseq	1165	1318	333	bio1	1.335906	1.400812	5.647786
MGYG000000257__gradient_L6_resistant_starch_gapseq	1165	1318	333	bio1	1.955753	1.400192	5.525478
MGYG000000257__gradient_L7_bglucan_gapseq	1165	1318	333	bio1	1.955753	1.501773	5.362142
MGYG000000257__gradient_L8_hmo_gapseq	1165	1318	333	bio1	1.955753	1.375503	5.948782
MGYG000000257__gradient_L9_mos_gapseq	1165	1318	333	bio1	2.098967	1.376414	5.427867
MGYG000000275__gradient_L0_base_gapseq	1167	1277	331	bio1	0.759900	1.607004	5.325157
MGYG000000275__gradient_L1_inulin_gapseq	1167	1277	331	bio1	0.907724	1.483416	5.096820
MGYG000000275__gradient_L2_fos_gapseq	1167	1277	331	bio1	0.907724	1.345736	5.216927
MGYG000000275__gradient_L3_gos_gapseq	1167	1277	331	bio1	1.204792	1.359340	5.123428
MGYG000000275__gradient_L4_xos_gapseq	1167	1277	331	bio1	1.204792	1.412257	5.219342
MGYG000000275__gradient_L5_pectin_gapseq	1167	1277	331	bio1	1.204792	1.307493	5.100561
MGYG000000275__gradient_L6_resistant_starch_gapseq	1167	1277	331	bio1	1.821669	1.517400	5.133617
MGYG000000275__gradient_L7_bglucan_gapseq	1167	1277	331	bio1	1.821669	1.372822	5.329354
MGYG000000275__gradient_L8_hmo_gapseq	1167	1277	331	bio1	1.821669	1.349946	5.367897
MGYG000000275__gradient_L9_mos_gapseq	1167	1277	331	bio1	1.964196	1.556162	5.162701
MGYG000000363__gradient_L0_base_gapseq	1240	1313	222	bio1	0.000000	1.600731	0.079123
MGYG000000363__gradient_L1_inulin_gapseq	1240	1313	222	bio1	0.000000	1.618104	0.160864
MGYG000000363__gradient_L2_fos_gapseq	1240	1313	222	bio1	0.000000	1.384471	0.065981
MGYG000000363__gradient_L3_gos_gapseq	1240	1313	222	bio1	0.352164	1.409914	5.593431
MGYG000000363__gradient_L4_xos_gapseq	1240	1313	222	bio1	0.352164	1.390107	5.429612
MGYG000000363__gradient_L5_pectin_gapseq	1240	1313	222	bio1	0.352164	1.572215	5.442223
MGYG000000363__gradient_L6_resistant_starch_gapseq	1240	1313	222	bio1	0.730044	1.403406	5.663826
MGYG000000363__gradient_L7_bglucan_gapseq	1240	1313	222	bio1	0.730044	1.388395	5.589099
MGYG000000363__gradient_L8_hmo_gapseq	1240	1313	222	bio1	0.730044	1.538634	5.452659
MGYG000000363__gradient_L9_mos_gapseq	1240	1313	222	bio1	0.771174	1.430091	5.538963
MGYG000000489__gradient_L0_base_gapseq	1372	1592	405	bio1	0.250295	2.082386	7.988246
MGYG000000489__gradient_L1_inulin_gapseq	1372	1592	405	bio1	0.520901	1.696464	7.873060
MGYG000000489__gradient_L2_fos_gapseq	1372	1592	405	bio1	0.520901	1.939872	7.895623
MGYG000000489__gradient_L3_gos_gapseq	1372	1592	405	bio1	0.765237	1.899512	7.927914
MGYG000000489__gradient_L4_xos_gapseq	1372	1592	405	bio1	0.884468	1.731737	8.085988
MGYG000000489__gradient_L5_pectin_gapseq	1372	1592	405	bio1	0.884468	1.745896	7.874709
MGYG000000489__gradient_L6_resistant_starch_gapseq	1372	1592	405	bio1	1.368966	2.067600	8.001506
MGYG000000489__gradient_L7_bglucan_gapseq	1372	1592	405	bio1	1.543043	1.864753	7.950659
MGYG000000489__gradient_L8_hmo_gapseq	1372	1592	405	bio1	1.543043	1.836547	7.916484
MGYG000000489__gradient_L9_mos_gapseq	1372	1592	405	bio1	1.543043	1.776160	8.110457
MGYG000000542__gradient_L0_base_gapseq	1207	1284	224	bio1	0.000000	1.255942	0.067861
MGYG000000542__gradient_L1_inulin_gapseq	1207	1284	224	bio1	0.000000	1.264634	0.065792
MGYG000000542__gradient_L2_fos_gapseq	1207	1284	224	bio1	0.000000	1.546301	0.063953
MGYG000000542__gradient_L3_gos_gapseq	1207	1284	224	bio1	0.845900	1.364456	5.631917
MGYG000000542__gradient_L4_xos_gapseq	1207	1284	224	bio1	0.845900	1.306495	5.232817
MGYG000000542__gradient_L5_pectin_gapseq	1207	1284	224	bio1	0.845900	1.316638	5.452640
MGYG000000542__gradient_L6_resistant_starch_gapseq	1207	1284	224	bio1	1.448123	1.344323	5.281810
MGYG000000542__gradient_L7_bglucan_gapseq	1207	1284	224	bio1	1.448123	1.452845	5.430560
MGYG000000542__gradient_L8_hmo_gapseq	1207	1284	224	bio1	1.448123	1.505172	5.509474
MGYG000000542__gradient_L9_mos_gapseq	1207	1284	224	bio1	1.557188	1.313802	5.217238
MGYG000000582__gradient_L0_base_gapseq	1343	1603	386	bio1	0.776199	1.858161	8.063027
MGYG000000582__gradient_L1_inulin_gapseq	1343	1603	386	bio1	0.999233	1.848248	7.871715
MGYG000000582__gradient_L2_fos_gapseq	1343	1603	386	bio1	0.999233	1.831576	7.867445
MGYG000000582__gradient_L3_gos_gapseq	1343	1603	386	bio1	1.239877	1.716168	8.025777
MGYG000000582__gradient_L4_xos_gapseq	1343	1603	386	bio1	1.281130	1.653661	8.054566
MGYG000000582__gradient_L5_pectin_gapseq	1343	1603	386	bio1	1.281130	1.758692	7.851757
MGYG000000582__gradient_L6_resistant_starch_gapseq	1343	1603	386	bio1	1.778459	2.130296	7.933008
MGYG000000582__gradient_L7_bglucan_gapseq	1343	1603	386	bio1	1.778459	1.917873	7.869308
MGYG000000582__gradient_L8_hmo_gapseq	1343	1603	386	bio1	1.778459	1.751113	8.115395
MGYG000000582__gradient_L9_mos_gapseq	1343	1603	386	bio1	1.888468	1.766618	8.047377
MGYG000000606__gradient_L0_base_gapseq	1219	1363	333	bio1	0.740023	1.636176	5.947662
MGYG000000606__gradient_L1_inulin_gapseq	1219	1363	333	bio1	0.847133	1.539678	5.917710
MGYG000000606__gradient_L2_fos_gapseq	1219	1363	333	bio1	0.847133	1.377577	5.821160
MGYG000000606__gradient_L3_gos_gapseq	1219	1363	333	bio1	0.927466	1.594914	5.839172
MGYG000000606__gradient_L4_xos_gapseq	1219	1363	333	bio1	0.927466	1.413577	6.052956
MGYG000000606__gradient_L5_pectin_gapseq	1219	1363	333	bio1	0.927466	1.442824	5.813650
MGYG000000606__gradient_L6_resistant_starch_gapseq	1219	1363	333	bio1	1.146465	1.630143	5.801991
MGYG000000606__gradient_L7_bglucan_gapseq	1219	1363	333	bio1	1.146465	1.415549	6.406138
MGYG000000606__gradient_L8_hmo_gapseq	1219	1363	333	bio1	1.146465	1.470187	5.921276
MGYG000000606__gradient_L9_mos_gapseq	1219	1363	333	bio1	1.219092	1.604541	5.832047
MGYG000000620__gradient_L0_base_gapseq	1140	1281	342	bio1	0.601525	1.495057	5.102119
MGYG000000620__gradient_L1_inulin_gapseq	1140	1281	342	bio1	0.714313	1.323281	5.298039
MGYG000000620__gradient_L2_fos_gapseq	1140	1281	342	bio1	0.714313	1.298223	5.114658
MGYG000000620__gradient_L3_gos_gapseq	1140	1281	342	bio1	0.932839	1.581115	5.169838
MGYG000000620__gradient_L4_xos_gapseq	1140	1281	342	bio1	0.932839	1.321776	5.307920
MGYG000000620__gradient_L5_pectin_gapseq	1140	1281	342	bio1	0.932839	1.321804	5.153704
MGYG000000620__gradient_L6_resistant_starch_gapseq	1140	1281	342	bio1	1.043760	1.504075	5.107698
MGYG000000620__gradient_L7_bglucan_gapseq	1140	1281	342	bio1	1.043760	1.392110	5.474085
MGYG000000620__gradient_L8_hmo_gapseq	1140	1281	342	bio1	1.043760	1.534454	5.169966
MGYG000000620__gradient_L9_mos_gapseq	1140	1281	342	bio1	1.152439	1.378379	5.307756
MGYG000000623__gradient_L0_base_gapseq	1350	1551	450	bio1	0.323235	1.623506	7.769810
MGYG000000623__gradient_L1_inulin_gapseq	1350	1551	450	bio1	0.495632	1.611255	7.575290
MGYG000000623__gradient_L2_fos_gapseq	1350	1551	450	bio1	0.495632	1.642868	7.600878
MGYG000000623__gradient_L3_gos_gapseq	1350	1551	450	bio1	0.793849	1.814252	7.466695
MGYG000000623__gradient_L4_xos_gapseq	1350	1551	450	bio1	0.827487	1.849656	7.548076
MGYG000000623__gradient_L5_pectin_gapseq	1350	1551	450	bio1	0.827487	2.002175	7.722518
MGYG000000623__gradient_L6_resistant_starch_gapseq	1350	1551	450	bio1	1.395498	1.681371	7.552533
MGYG000000623__gradient_L7_bglucan_gapseq	1350	1551	450	bio1	1.593337	1.807269	7.467430
MGYG000000623__gradient_L8_hmo_gapseq	1350	1551	450	bio1	1.733739	1.830856	7.495619
MGYG000000623__gradient_L9_mos_gapseq	1350	1551	450	bio1	1.733739	1.818219	7.694707
MGYG000000659__gradient_L0_base_gapseq	887	934	183	bio1	0.000000	1.083600	0.039926
MGYG000000659__gradient_L1_inulin_gapseq	887	934	183	bio1	0.000000	0.954906	0.053515
MGYG000000659__gradient_L2_fos_gapseq	887	934	183	bio1	0.000000	0.932690	0.038360
MGYG000000659__gradient_L3_gos_gapseq	887	934	183	bio1	0.000000	1.057831	0.053725
MGYG000000659__gradient_L4_xos_gapseq	887	934	183	bio1	0.000000	0.962005	0.041874
MGYG000000659__gradient_L5_pectin_gapseq	887	934	183	bio1	0.000000	0.932926	0.045057
MGYG000000659__gradient_L6_resistant_starch_gapseq	887	934	183	bio1	0.000000	0.962526	0.048328
MGYG000000659__gradient_L7_bglucan_gapseq	887	934	183	bio1	0.000000	1.112005	0.043603
MGYG000000659__gradient_L8_hmo_gapseq	887	934	183	bio1	0.000000	0.933693	0.042940
MGYG000000659__gradient_L9_mos_gapseq	887	934	183	bio1	0.000000	0.925343	0.042889
MGYG000000660__gradient_L0_base_gapseq	1047	1167	278	bio1	0.526725	1.326144	4.385402
MGYG000000660__gradient_L1_inulin_gapseq	1047	1167	278	bio1	0.756574	1.172414	4.407375
MGYG000000660__gradient_L2_fos_gapseq	1047	1167	278	bio1	0.756574	1.385844	4.501636
MGYG000000660__gradient_L3_gos_gapseq	1047	1167	278	bio1	0.986422	1.186818	4.583770
MGYG000000660__gradient_L4_xos_gapseq	1047	1167	278	bio1	0.986422	1.236917	4.415732
MGYG000000660__gradient_L5_pectin_gapseq	1047	1167	278	bio1	0.986422	1.238085	4.649993
MGYG000000660__gradient_L6_resistant_starch_gapseq	1047	1167	278	bio1	1.463684	1.260740	4.331447
MGYG000000660__gradient_L7_bglucan_gapseq	1047	1167	278	bio1	1.463684	1.352552	4.725527
MGYG000000660__gradient_L8_hmo_gapseq	1047	1167	278	bio1	1.463684	1.191388	4.444820
MGYG000000660__gradient_L9_mos_gapseq	1047	1167	278	bio1	1.575381	1.394738	4.433358
MGYG000000676__gradient_L0_base_gapseq	1051	1154	253	bio1	0.275536	1.283796	4.353642
MGYG000000676__gradient_L1_inulin_gapseq	1051	1154	253	bio1	0.458568	1.183000	4.296236
MGYG000000676__gradient_L2_fos_gapseq	1051	1154	253	bio1	0.458568	1.398854	4.404421
MGYG000000676__gradient_L3_gos_gapseq	1051	1154	253	bio1	0.789995	1.231266	4.480780
MGYG000000676__gradient_L4_xos_gapseq	1051	1154	253	bio1	0.888293	1.169807	4.398197
MGYG000000676__gradient_L5_pectin_gapseq	1051	1154	253	bio1	0.888293	1.336639	4.404486
MGYG000000676__gradient_L6_resistant_starch_gapseq	1051	1154	253	bio1	1.604626	1.208840	4.228928
MGYG000000676__gradient_L7_bglucan_gapseq	1051	1154	253	bio1	1.853830	1.351152	4.694696
MGYG000000676__gradient_L8_hmo_gapseq	1051	1154	253	bio1	1.853830	1.262783	4.394947
MGYG000000676__gradient_L9_mos_gapseq	1051	1154	253	bio1	1.983498	1.370282	4.344340
MGYG000000683__gradient_L0_base_gapseq	1172	1264	246	bio1	0.380655	1.476292	5.146756
MGYG000000683__gradient_L1_inulin_gapseq	1172	1264	246	bio1	0.523963	1.319703	5.127072
MGYG000000683__gradient_L2_fos_gapseq	1172	1264	246	bio1	0.523963	1.469907	5.095567
MGYG000000683__gradient_L3_gos_gapseq	1172	1264	246	bio1	0.523963	1.250037	5.115278
MGYG000000683__gradient_L4_xos_gapseq	1172	1264	246	bio1	0.523963	1.287010	5.109124
MGYG000000683__gradient_L5_pectin_gapseq	1172	1264	246	bio1	0.523963	1.402646	5.303484
MGYG000000683__gradient_L6_resistant_starch_gapseq	1172	1264	246	bio1	1.175562	1.339357	5.235516
MGYG000000683__gradient_L7_bglucan_gapseq	1172	1264	246	bio1	1.175562	1.518612	5.078621
MGYG000000683__gradient_L8_hmo_gapseq	1172	1264	246	bio1	1.175562	1.345315	5.232021
MGYG000000683__gradient_L9_mos_gapseq	1172	1264	246	bio1	1.175562	1.314082	5.080310
MGYG000000773__gradient_L0_base_gapseq	1055	1164	265	bio1	0.000000	1.359139	0.054009
MGYG000000773__gradient_L1_inulin_gapseq	1055	1164	265	bio1	0.000000	1.256475	0.051197
MGYG000000773__gradient_L2_fos_gapseq	1055	1164	265	bio1	0.000000	1.221464	0.180440
MGYG000000773__gradient_L3_gos_gapseq	1055	1164	265	bio1	0.000000	1.244048	0.054052
MGYG000000773__gradient_L4_xos_gapseq	1055	1164	265	bio1	0.000000	1.209353	0.053021
MGYG000000773__gradient_L5_pectin_gapseq	1055	1164	265	bio1	0.000000	1.426473	0.058513
MGYG000000773__gradient_L6_resistant_starch_gapseq	1055	1164	265	bio1	0.000000	1.204337	0.059999
MGYG000000773__gradient_L7_bglucan_gapseq	1055	1164	265	bio1	0.000000	1.245570	0.050001
MGYG000000773__gradient_L8_hmo_gapseq	1055	1164	265	bio1	0.000000	1.455776	0.068836
MGYG000000773__gradient_L9_mos_gapseq	1055	1164	265	bio1	0.000000	1.200014	0.063734
MGYG000000782__gradient_L0_base_gapseq	1287	1390	338	bio1	0.383244	1.690071	5.919818
MGYG000000782__gradient_L1_inulin_gapseq	1287	1390	338	bio1	0.537379	1.493801	6.448703
MGYG000000782__gradient_L2_fos_gapseq	1287	1390	338	bio1	0.537379	1.422013	6.185546
MGYG000000782__gradient_L3_gos_gapseq	1287	1390	338	bio1	0.537379	1.762364	6.029144
MGYG000000782__gradient_L4_xos_gapseq	1287	1390	338	bio1	0.599385	1.504962	6.193164
MGYG000000782__gradient_L5_pectin_gapseq	1287	1390	338	bio1	0.599385	1.486290	6.020497
MGYG000000782__gradient_L6_resistant_starch_gapseq	1287	1390	338	bio1	0.714540	1.592849	5.912019
MGYG000000782__gradient_L7_bglucan_gapseq	1287	1390	338	bio1	0.714540	1.464877	6.228605
MGYG000000782__gradient_L8_hmo_gapseq	1287	1390	338	bio1	0.714540	1.513508	6.134150
MGYG000000782__gradient_L9_mos_gapseq	1287	1390	338	bio1	0.714540	1.726931	6.089440
MGYG000000870__gradient_L0_base_gapseq	1285	1439	369	bio1	0.000000	1.554733	0.076848
MGYG000000870__gradient_L1_inulin_gapseq	1285	1439	369	bio1	0.000000	1.682794	0.076997
MGYG000000870__gradient_L2_fos_gapseq	1285	1439	369	bio1	0.000000	1.515410	0.077358
MGYG000000870__gradient_L3_gos_gapseq	1285	1439	369	bio1	0.705950	1.638419	6.531721
MGYG000000870__gradient_L4_xos_gapseq	1285	1439	369	bio1	0.850373	1.539106	7.011443
MGYG000000870__gradient_L5_pectin_gapseq	1285	1439	369	bio1	0.850373	1.512326	6.466247
MGYG000000870__gradient_L6_resistant_starch_gapseq	1285	1439	369	bio1	1.132307	1.711144	6.513404
MGYG000000870__gradient_L7_bglucan_gapseq	1285	1439	369	bio1	1.132307	1.445030	6.688681
MGYG000000870__gradient_L8_hmo_gapseq	1285	1439	369	bio1	1.132307	1.527240	6.448327
MGYG000000870__gradient_L9_mos_gapseq	1285	1439	369	bio1	1.233161	1.780647	6.555115
MGYG000000872__gradient_L0_base_gapseq	1216	1377	314	bio1	0.000000	1.468120	0.087191
MGYG000000872__gradient_L1_inulin_gapseq	1216	1377	314	bio1	0.000000	1.412750	0.071102
MGYG000000872__gradient_L2_fos_gapseq	1216	1377	314	bio1	0.000000	1.575316	0.081753
MGYG000000872__gradient_L3_gos_gapseq	1216	1377	314	bio1	0.000000	1.474116	0.083701
MGYG000000872__gradient_L4_xos_gapseq	1216	1377	314	bio1	0.680846	1.736028	5.904019
MGYG000000872__gradient_L5_pectin_gapseq	1216	1377	314	bio1	0.680846	1.697307	6.446885
MGYG000000872__gradient_L6_resistant_starch_gapseq	1216	1377	314	bio1	0.988084	1.459550	5.864676
MGYG000000872__gradient_L7_bglucan_gapseq	1216	1377	314	bio1	0.988084	1.641156	5.974520
MGYG000000872__gradient_L8_hmo_gapseq	1216	1377	314	bio1	0.988084	1.438642	6.114483
MGYG000000872__gradient_L9_mos_gapseq	1216	1377	314	bio1	1.108288	1.431386	5.835367
MGYG000000919__gradient_L0_base_gapseq	1469	1720	566	bio1	1.266837	1.848593	9.178510
MGYG000000919__gradient_L1_inulin_gapseq	1469	1720	566	bio1	1.606171	1.994241	9.067912
MGYG000000919__gradient_L2_fos_gapseq	1469	1720	566	bio1	1.606171	2.023356	9.097310
MGYG000000919__gradient_L3_gos_gapseq	1469	1720	566	bio1	1.937022	1.939112	9.318905
MGYG000000919__gradient_L4_xos_gapseq	1469	1720	566	bio1	2.098205	2.039802	9.064404
MGYG000000919__gradient_L5_pectin_gapseq	1469	1720	566	bio1	2.098205	1.975800	9.179899
MGYG000000919__gradient_L6_resistant_starch_gapseq	1469	1720	566	bio1	2.838378	1.777491	9.357067
MGYG000000919__gradient_L7_bglucan_gapseq	1469	1720	566	bio1	3.086516	1.805800	9.399697
MGYG000000919__gradient_L8_hmo_gapseq	1469	1720	566	bio1	3.260424	1.804693	9.340025
MGYG000000919__gradient_L9_mos_gapseq	1469	1720	566	bio1	3.430091	1.822311	8.945770
MGYG000000920__gradient_L0_base_gapseq	1273	1434	348	bio1	0.000000	1.576262	0.203533
MGYG000000920__gradient_L1_inulin_gapseq	1273	1434	348	bio1	0.945583	1.500510	6.496490
MGYG000000920__gradient_L2_fos_gapseq	1273	1434	348	bio1	0.945583	1.712728	6.532812
MGYG000000920__gradient_L3_gos_gapseq	1273	1434	348	bio1	1.162585	1.525976	6.751732
MGYG000000920__gradient_L4_xos_gapseq	1273	1434	348	bio1	1.216520	1.599881	6.552431
MGYG000000920__gradient_L5_pectin_gapseq	1273	1434	348	bio1	1.216520	1.742161	6.471441
MGYG000000920__gradient_L6_resistant_starch_gapseq	1273	1434	348	bio1	1.731148	1.530447	6.644802
MGYG000000920__gradient_L7_bglucan_gapseq	1273	1434	348	bio1	1.904189	1.554099	6.463246
MGYG000000920__gradient_L8_hmo_gapseq	1273	1434	348	bio1	2.034532	1.698205	6.488064
MGYG000000920__gradient_L9_mos_gapseq	1273	1434	348	bio1	2.154387	1.706693	6.535887
MGYG000000952__gradient_L0_base_gapseq	981	977	158	bio1	0.000000	1.006628	0.040360
MGYG000000952__gradient_L1_inulin_gapseq	981	977	158	bio1	0.000000	1.135606	0.047741
MGYG000000952__gradient_L2_fos_gapseq	981	977	158	bio1	0.000000	1.027208	0.051021
MGYG000000952__gradient_L3_gos_gapseq	981	977	158	bio1	0.000000	1.026774	0.051620
MGYG000000952__gradient_L4_xos_gapseq	981	977	158	bio1	0.000000	1.135640	0.049080
MGYG000000952__gradient_L5_pectin_gapseq	981	977	158	bio1	0.000000	1.069173	0.047511
MGYG000000952__gradient_L6_resistant_starch_gapseq	981	977	158	bio1	0.000000	1.025629	0.058662
MGYG000000952__gradient_L7_bglucan_gapseq	981	977	158	bio1	0.000000	1.019651	0.211690
MGYG000000952__gradient_L8_hmo_gapseq	981	977	158	bio1	0.000000	1.025313	0.047056
MGYG000000952__gradient_L9_mos_gapseq	981	977	158	bio1	0.000000	0.995624	0.046263
MGYG000001141__gradient_L0_base_gapseq	1304	1471	371	bio1	0.000000	1.562691	0.072826
MGYG000001141__gradient_L1_inulin_gapseq	1304	1471	371	bio1	0.000000	1.675950	0.085892
MGYG000001141__gradient_L2_fos_gapseq	1304	1471	371	bio1	0.000000	1.607571	0.080520
MGYG000001141__gradient_L3_gos_gapseq	1304	1471	371	bio1	0.682508	1.707976	6.672295
MGYG000001141__gradient_L4_xos_gapseq	1304	1471	371	bio1	0.721245	1.593235	6.977288
MGYG000001141__gradient_L5_pectin_gapseq	1304	1471	371	bio1	0.721245	1.610576	6.704352
MGYG000001141__gradient_L6_resistant_starch_gapseq	1304	1471	371	bio1	1.136795	1.787849	6.632952
MGYG000001141__gradient_L7_bglucan_gapseq	1304	1471	371	bio1	1.283019	1.746510	6.734782
MGYG000001141__gradient_L8_hmo_gapseq	1304	1471	371	bio1	1.283019	1.576546	6.895289
MGYG000001141__gradient_L9_mos_gapseq	1304	1471	371	bio1	1.350781	1.532059	6.695841
MGYG000001179__gradient_L0_base_gapseq	1173	1297	313	bio1	0.497193	1.357141	5.507284
MGYG000001179__gradient_L1_inulin_gapseq	1173	1297	313	bio1	0.720238	1.397001	5.360456
MGYG000001179__gradient_L2_fos_gapseq	1173	1297	313	bio1	0.720238	1.463272	5.679163
MGYG000001179__gradient_L3_gos_gapseq	1173	1297	313	bio1	0.957044	1.353320	5.676314
MGYG000001179__gradient_L4_xos_gapseq	1173	1297	313	bio1	0.957044	1.443598	5.384416
MGYG000001179__gradient_L5_pectin_gapseq	1173	1297	313	bio1	0.957044	1.505828	5.405393
MGYG000001179__gradient_L6_resistant_starch_gapseq	1173	1297	313	bio1	1.436098	1.353512	5.571694
MGYG000001179__gradient_L7_bglucan_gapseq	1173	1297	313	bio1	1.436098	1.381683	5.469681
MGYG000001179__gradient_L8_hmo_gapseq	1173	1297	313	bio1	1.436098	1.545314	5.412641
MGYG000001179__gradient_L9_mos_gapseq	1173	1297	313	bio1	1.548184	1.423474	5.304302
MGYG000001203__gradient_L0_base_gapseq	1170	1256	300	bio1	0.688415	1.307650	5.169185
MGYG000001203__gradient_L1_inulin_gapseq	1170	1256	300	bio1	0.971885	1.317902	5.019680
MGYG000001203__gradient_L2_fos_gapseq	1170	1256	300	bio1	0.971885	1.603017	5.022468
MGYG000001203__gradient_L3_gos_gapseq	1170	1256	300	bio1	0.971885	1.343195	5.353352
MGYG000001203__gradient_L4_xos_gapseq	1170	1256	300	bio1	0.971885	1.311779	5.093122
MGYG000001203__gradient_L5_pectin_gapseq	1170	1256	300	bio1	0.971885	1.454398	5.052235
MGYG000001203__gradient_L6_resistant_starch_gapseq	1170	1256	300	bio1	1.584388	1.397899	4.911888
MGYG000001203__gradient_L7_bglucan_gapseq	1170	1256	300	bio1	1.584388	1.462338	5.016682
MGYG000001203__gradient_L8_hmo_gapseq	1170	1256	300	bio1	1.584388	1.327770	5.251016
MGYG000001203__gradient_L9_mos_gapseq	1170	1256	300	bio1	1.725813	1.255867	4.901818
MGYG000001316__gradient_L0_base_gapseq	1555	1814	469	bio1	1.098916	2.065033	10.050218
MGYG000001316__gradient_L1_inulin_gapseq	1555	1814	469	bio1	1.353116	2.108844	9.964438
MGYG000001316__gradient_L2_fos_gapseq	1555	1814	469	bio1	1.353116	2.004598	9.873824
MGYG000001316__gradient_L3_gos_gapseq	1555	1814	469	bio1	1.628826	2.105329	9.896778
MGYG000001316__gradient_L4_xos_gapseq	1555	1814	469	bio1	1.785712	2.014291	9.971313
MGYG000001316__gradient_L5_pectin_gapseq	1555	1814	469	bio1	1.832704	1.953673	10.298232
MGYG000001316__gradient_L6_resistant_starch_gapseq	1555	1814	469	bio1	2.276100	1.882788	9.962602
MGYG000001316__gradient_L7_bglucan_gapseq	1555	1814	469	bio1	2.276100	1.841792	10.175615
MGYG000001316__gradient_L8_hmo_gapseq	1555	1814	469	bio1	2.276100	1.942311	10.137437
MGYG000001316__gradient_L9_mos_gapseq	1555	1814	469	bio1	2.276100	2.027381	9.811001
MGYG000001319__gradient_L0_base_gapseq	1273	1419	337	bio1	0.000000	1.482652	0.087046
MGYG000001319__gradient_L1_inulin_gapseq	1273	1419	337	bio1	0.000000	1.460253	0.084298
MGYG000001319__gradient_L2_fos_gapseq	1273	1419	337	bio1	0.000000	1.618504	0.087056
MGYG000001319__gradient_L3_gos_gapseq	1273	1419	337	bio1	0.596845	1.464070	6.634323
MGYG000001319__gradient_L4_xos_gapseq	1273	1419	337	bio1	0.596845	1.485861	6.472084
MGYG000001319__gradient_L5_pectin_gapseq	1273	1419	337	bio1	0.596845	1.689130	6.351487
MGYG000001319__gradient_L6_resistant_starch_gapseq	1273	1419	337	bio1	1.092396	1.442958	6.453644
MGYG000001319__gradient_L7_bglucan_gapseq	1273	1419	337	bio1	1.092396	1.535550	6.222268
MGYG000001319__gradient_L8_hmo_gapseq	1273	1419	337	bio1	1.092396	1.639041	6.149939
MGYG000001319__gradient_L9_mos_gapseq	1273	1419	337	bio1	1.092396	1.658997	6.280457
MGYG000001375__gradient_L0_base_gapseq	1230	1333	291	bio1	0.000000	1.626348	0.067252
MGYG000001375__gradient_L1_inulin_gapseq	1230	1333	291	bio1	0.000000	1.477948	0.064045
MGYG000001375__gradient_L2_fos_gapseq	1230	1333	291	bio1	0.000000	1.572250	0.069739
MGYG000001375__gradient_L3_gos_gapseq	1230	1333	291	bio1	0.908404	1.495797	5.785800
MGYG000001375__gradient_L4_xos_gapseq	1230	1333	291	bio1	1.013201	1.692018	5.746111
MGYG000001375__gradient_L5_pectin_gapseq	1230	1333	291	bio1	1.013201	1.432562	5.816454
MGYG000001375__gradient_L6_resistant_starch_gapseq	1230	1333	291	bio1	1.740795	1.469205	5.685959
MGYG000001375__gradient_L7_bglucan_gapseq	1230	1333	291	bio1	1.984717	1.552351	5.720946
MGYG000001375__gradient_L8_hmo_gapseq	1230	1333	291	bio1	1.984717	1.417286	5.789475
MGYG000001375__gradient_L9_mos_gapseq	1230	1333	291	bio1	2.118144	1.412393	5.675179
MGYG000001390__gradient_L0_base_gapseq	1889	2351	630	bio1	1.147243	2.538983	17.097940
MGYG000001390__gradient_L1_inulin_gapseq	1889	2351	630	bio1	1.400182	2.511552	17.013127
MGYG000001390__gradient_L2_fos_gapseq	1889	2351	630	bio1	1.400182	2.483405	17.077161
MGYG000001390__gradient_L3_gos_gapseq	1889	2351	630	bio1	1.673356	2.552081	16.938174
MGYG000001390__gradient_L4_xos_gapseq	1889	2351	630	bio1	1.737335	2.662928	17.418452
MGYG000001390__gradient_L5_pectin_gapseq	1889	2351	630	bio1	1.775127	2.600682	17.081271
MGYG000001390__gradient_L6_resistant_starch_gapseq	1889	2351	630	bio1	2.363713	2.566349	17.294890
MGYG000001390__gradient_L7_bglucan_gapseq	1889	2351	630	bio1	2.363713	2.467673	17.474624
MGYG000001390__gradient_L8_hmo_gapseq	1889	2351	630	bio1	2.363713	2.476212	16.951748
MGYG000001390__gradient_L9_mos_gapseq	1889	2351	630	bio1	2.457963	2.523130	17.098954
MGYG000001403__gradient_L0_base_gapseq	1860	2273	675	bio1	0.721571	2.717463	15.642652
MGYG000001403__gradient_L1_inulin_gapseq	1860	2273	675	bio1	0.925059	2.576707	15.602130
MGYG000001403__gradient_L2_fos_gapseq	1860	2273	675	bio1	0.925059	2.607603	15.673509
MGYG000001403__gradient_L3_gos_gapseq	1860	2273	675	bio1	1.138595	2.476052	15.727709
MGYG000001403__gradient_L4_xos_gapseq	1860	2273	675	bio1	1.192936	2.520434	15.797418
MGYG000001403__gradient_L5_pectin_gapseq	1860	2273	675	bio1	1.192936	2.631614	15.587764
MGYG000001403__gradient_L6_resistant_starch_gapseq	1860	2273	675	bio1	1.640674	2.552399	15.747262
MGYG000001403__gradient_L7_bglucan_gapseq	1860	2273	675	bio1	1.794512	2.497582	15.797451
MGYG000001403__gradient_L8_hmo_gapseq	1860	2273	675	bio1	1.794512	2.725836	15.548654
MGYG000001403__gradient_L9_mos_gapseq	1860	2273	675	bio1	1.892478	2.545593	15.769986
MGYG000001443__gradient_L0_base_gapseq	2197	2591	1097	bio1	0.971716	3.231293	20.284970
MGYG000001443__gradient_L1_inulin_gapseq	2197	2591	1097	bio1	1.186168	3.094363	20.090371
MGYG000001443__gradient_L2_fos_gapseq	2197	2591	1097	bio1	1.186168	3.138443	20.177880
MGYG000001443__gradient_L3_gos_gapseq	2197	2591	1097	bio1	1.412870	2.945862	20.813777
MGYG000001443__gradient_L4_xos_gapseq	2197	2591	1097	bio1	1.470118	2.911852	20.516842
MGYG000001443__gradient_L5_pectin_gapseq	2197	2591	1097	bio1	1.470118	2.925787	20.489069
MGYG000001443__gradient_L6_resistant_starch_gapseq	2197	2591	1097	bio1	1.969320	2.951500	20.901902
MGYG000001443__gradient_L7_bglucan_gapseq	2197	2591	1097	bio1	2.131904	2.972497	20.513072
MGYG000001443__gradient_L8_hmo_gapseq	2197	2591	1097	bio1	2.131904	2.943726	21.002405
MGYG000001443__gradient_L9_mos_gapseq	2197	2591	1097	bio1	2.226554	2.886345	20.557440
MGYG000001555__gradient_L0_base_gapseq	1428	1594	360	bio1	0.000000	1.889215	0.101579
MGYG000001555__gradient_L1_inulin_gapseq	1428	1594	360	bio1	0.000000	1.749519	0.096601
MGYG000001555__gradient_L2_fos_gapseq	1428	1594	360	bio1	0.000000	1.862561	0.087065
MGYG000001555__gradient_L3_gos_gapseq	1428	1594	360	bio1	0.000000	1.729864	0.094710
MGYG000001555__gradient_L4_xos_gapseq	1428	1594	360	bio1	0.000000	1.838213	0.097641
MGYG000001555__gradient_L5_pectin_gapseq	1428	1594	360	bio1	0.000000	1.774901	0.092566
MGYG000001555__gradient_L6_resistant_starch_gapseq	1428	1594	360	bio1	0.000000	1.879104	0.097331
MGYG000001555__gradient_L7_bglucan_gapseq	1428	1594	360	bio1	0.000000	1.721591	0.101474
MGYG000001555__gradient_L8_hmo_gapseq	1428	1594	360	bio1	0.000000	1.838302	0.093283
MGYG000001555__gradient_L9_mos_gapseq	1428	1594	360	bio1	0.000000	1.756745	0.094468
MGYG000001608__gradient_L0_base_gapseq	1326	1462	386	bio1	0.000000	1.795322	0.097860
MGYG000001608__gradient_L1_inulin_gapseq	1326	1462	386	bio1	0.000000	1.561653	0.100185
MGYG000001608__gradient_L2_fos_gapseq	1326	1462	386	bio1	0.000000	1.768055	0.093938
MGYG000001608__gradient_L3_gos_gapseq	1326	1462	386	bio1	1.269873	1.550503	7.017179
MGYG000001608__gradient_L4_xos_gapseq	1326	1462	386	bio1	1.269873	1.568045	6.820992
MGYG000001608__gradient_L5_pectin_gapseq	1326	1462	386	bio1	1.269873	1.795215	6.782933
MGYG000001608__gradient_L6_resistant_starch_gapseq	1326	1462	386	bio1	1.431173	1.692609	6.611506
MGYG000001608__gradient_L7_bglucan_gapseq	1326	1462	386	bio1	1.431173	1.538914	6.907068
MGYG000001608__gradient_L8_hmo_gapseq	1326	1462	386	bio1	1.431173	1.545976	6.948259
MGYG000001608__gradient_L9_mos_gapseq	1326	1462	386	bio1	1.592473	1.772483	6.794883
MGYG000001694__gradient_L0_base_gapseq	1559	1864	536	bio1	0.788791	2.137020	10.309155
MGYG000001694__gradient_L1_inulin_gapseq	1559	1864	536	bio1	1.011511	2.206130	10.323636
MGYG000001694__gradient_L2_fos_gapseq	1559	1864	536	bio1	1.011511	2.064427	10.465373
MGYG000001694__gradient_L3_gos_gapseq	1559	1864	536	bio1	1.234232	2.125155	10.601807
MGYG000001694__gradient_L4_xos_gapseq	1559	1864	536	bio1	1.234232	2.217476	10.589040
MGYG000001694__gradient_L5_pectin_gapseq	1559	1864	536	bio1	1.266712	2.141679	10.286782
MGYG000001694__gradient_L6_resistant_starch_gapseq	1559	1864	536	bio1	1.770152	2.268663	10.345277
MGYG000001694__gradient_L7_bglucan_gapseq	1559	1864	536	bio1	1.770152	2.254308	10.304994
MGYG000001694__gradient_L8_hmo_gapseq	1559	1864	536	bio1	1.770152	2.195023	10.642287
MGYG000001694__gradient_L9_mos_gapseq	1559	1864	536	bio1	1.881512	2.105054	10.267005
MGYG000001695__gradient_L0_base_gapseq	1569	1747	473	bio1	1.030838	1.853099	9.790560
MGYG000001695__gradient_L1_inulin_gapseq	1569	1747	473	bio1	1.161281	1.811382	9.497051
MGYG000001695__gradient_L2_fos_gapseq	1569	1747	473	bio1	1.161281	1.885399	9.677605
MGYG000001695__gradient_L3_gos_gapseq	1569	1747	473	bio1	1.161281	1.918633	9.534307
MGYG000001695__gradient_L4_xos_gapseq	1569	1747	473	bio1	1.236385	2.106592	9.293062
MGYG000001695__gradient_L5_pectin_gapseq	1569	1747	473	bio1	1.273757	2.042244	9.299568
MGYG000001695__gradient_L6_resistant_starch_gapseq	1569	1747	473	bio1	1.869375	2.063803	9.278478
MGYG000001695__gradient_L7_bglucan_gapseq	1569	1747	473	bio1	1.869375	1.973064	9.283400
MGYG000001695__gradient_L8_hmo_gapseq	1569	1747	473	bio1	1.869375	2.052586	9.705030
MGYG000001695__gradient_L9_mos_gapseq	1569	1747	473	bio1	1.869375	1.876575	9.437585
MGYG000001698__gradient_L0_base_gapseq	1354	1601	533	bio1	0.000000	1.911941	0.096533
MGYG000001698__gradient_L1_inulin_gapseq	1354	1601	533	bio1	0.000000	1.749608	0.198058
MGYG000001698__gradient_L2_fos_gapseq	1354	1601	533	bio1	0.000000	1.714585	0.094501
MGYG000001698__gradient_L3_gos_gapseq	1354	1601	533	bio1	0.000000	1.967670	0.102308
MGYG000001698__gradient_L4_xos_gapseq	1354	1601	533	bio1	1.337067	1.736985	7.967926
MGYG000001698__gradient_L5_pectin_gapseq	1354	1601	533	bio1	1.381195	1.958634	7.961538
MGYG000001698__gradient_L6_resistant_starch_gapseq	1354	1601	533	bio1	1.992367	1.956942	7.992410
MGYG000001698__gradient_L7_bglucan_gapseq	1354	1601	533	bio1	2.197561	2.212968	8.135832
MGYG000001698__gradient_L8_hmo_gapseq	1354	1601	533	bio1	2.343184	1.799033	8.075297
MGYG000001698__gradient_L9_mos_gapseq	1354	1601	533	bio1	2.484393	1.745676	8.137865
MGYG000001749__gradient_L0_base_gapseq	1408	1570	363	bio1	0.000000	1.651856	0.108424
MGYG000001749__gradient_L1_inulin_gapseq	1408	1570	363	bio1	0.000000	1.791149	0.100646
MGYG000001749__gradient_L2_fos_gapseq	1408	1570	363	bio1	0.000000	1.680019	0.101439
MGYG000001749__gradient_L3_gos_gapseq	1408	1570	363	bio1	0.000000	1.849520	0.098080
MGYG000001749__gradient_L4_xos_gapseq	1408	1570	363	bio1	1.042642	1.633472	7.868275
MGYG000001749__gradient_L5_pectin_gapseq	1408	1570	363	bio1	1.104828	1.573477	7.595252
MGYG000001749__gradient_L6_resistant_starch_gapseq	1408	1570	363	bio1	1.795092	1.840708	7.750949
MGYG000001749__gradient_L7_bglucan_gapseq	1408	1570	363	bio1	2.037618	2.047591	7.668061
MGYG000001749__gradient_L8_hmo_gapseq	1408	1570	363	bio1	2.037618	1.836575	7.550786
MGYG000001749__gradient_L9_mos_gapseq	1408	1570	363	bio1	2.170281	1.582698	7.855574
MGYG000001767__gradient_L0_base_gapseq	1045	1145	222	bio1	0.000000	1.313243	0.065442
MGYG000001767__gradient_L1_inulin_gapseq	1045	1145	222	bio1	0.000000	1.148541	0.052080
MGYG000001767__gradient_L2_fos_gapseq	1045	1145	222	bio1	0.000000	1.187649	0.063126
MGYG000001767__gradient_L3_gos_gapseq	1045	1145	222	bio1	0.523377	1.318004	4.067470
MGYG000001767__gradient_L4_xos_gapseq	1045	1145	222	bio1	0.523377	1.190920	3.989723
MGYG000001767__gradient_L5_pectin_gapseq	1045	1145	222	bio1	0.523377	1.322926	3.997083
MGYG000001767__gradient_L6_resistant_starch_gapseq	1045	1145	222	bio1	0.987949	1.214577	3.996317
MGYG000001767__gradient_L7_bglucan_gapseq	1045	1145	222	bio1	1.113165	1.342504	4.101632
MGYG000001767__gradient_L8_hmo_gapseq	1045	1145	222	bio1	1.113165	1.182480	4.156798
MGYG000001767__gradient_L9_mos_gapseq	1045	1145	222	bio1	1.184818	1.496788	4.076548
MGYG000001826__gradient_L0_base_gapseq	1089	1179	263	bio1	0.000000	1.391596	0.054235
MGYG000001826__gradient_L1_inulin_gapseq	1089	1179	263	bio1	0.000000	1.234874	0.053634
MGYG000001826__gradient_L2_fos_gapseq	1089	1179	263	bio1	0.000000	1.279101	0.158223
MGYG000001826__gradient_L3_gos_gapseq	1089	1179	263	bio1	0.000000	1.271717	0.060611
MGYG000001826__gradient_L4_xos_gapseq	1089	1179	263	bio1	0.000000	1.267320	0.049738
MGYG000001826__gradient_L5_pectin_gapseq	1089	1179	263	bio1	0.000000	1.392592	0.053589
MGYG000001826__gradient_L6_resistant_starch_gapseq	1089	1179	263	bio1	0.814279	1.266839	4.369957
MGYG000001826__gradient_L7_bglucan_gapseq	1089	1179	263	bio1	0.814279	1.384395	4.306179
MGYG000001826__gradient_L8_hmo_gapseq	1089	1179	263	bio1	0.814279	1.187920	4.394921
MGYG000001826__gradient_L9_mos_gapseq	1089	1179	263	bio1	0.892062	1.490267	4.387274
MGYG000001834__gradient_L0_base_gapseq	586	558	62	bio1	0.000000	0.699271	0.012451
MGYG000001834__gradient_L1_inulin_gapseq	586	558	62	bio1	0.000000	0.527240	0.022415
MGYG000001834__gradient_L2_fos_gapseq	586	558	62	bio1	0.000000	0.533242	0.025395
MGYG000001834__gradient_L3_gos_gapseq	586	558	62	bio1	0.000000	0.513566	0.019731
MGYG000001834__gradient_L4_xos_gapseq	586	558	62	bio1	0.000000	0.531726	0.019302
MGYG000001834__gradient_L5_pectin_gapseq	586	558	62	bio1	0.000000	0.502943	0.020888
MGYG000001834__gradient_L6_resistant_starch_gapseq	586	558	62	bio1	0.000000	0.624856	0.023987
MGYG000001834__gradient_L7_bglucan_gapseq	586	558	62	bio1	0.000000	0.548839	0.017570
MGYG000001834__gradient_L8_hmo_gapseq	586	558	62	bio1	0.000000	0.574005	0.025436
MGYG000001834__gradient_L9_mos_gapseq	586	558	62	bio1	0.000000	0.516192	0.017435
MGYG000001930__gradient_L0_base_gapseq	889	995	172	bio1	0.000000	0.988061	0.053245
MGYG000001930__gradient_L1_inulin_gapseq	889	995	172	bio1	0.291068	1.129585	3.237818
MGYG000001930__gradient_L2_fos_gapseq	889	995	172	bio1	0.291068	0.933897	3.248158
MGYG000001930__gradient_L3_gos_gapseq	889	995	172	bio1	0.591242	1.425113	3.129554
MGYG000001930__gradient_L4_xos_gapseq	889	995	172	bio1	0.591242	0.944464	3.289994
MGYG000001930__gradient_L5_pectin_gapseq	889	995	172	bio1	0.591242	1.048132	3.404718
MGYG000001930__gradient_L6_resistant_starch_gapseq	889	995	172	bio1	0.994383	0.950385	3.089800
MGYG000001930__gradient_L7_bglucan_gapseq	889	995	172	bio1	0.994383	0.983736	3.215545
MGYG000001930__gradient_L8_hmo_gapseq	889	995	172	bio1	0.994383	1.098198	3.124526
MGYG000001930__gradient_L9_mos_gapseq	889	995	172	bio1	0.994383	0.958922	3.196459
MGYG000001971__gradient_L0_base_gapseq	1520	1753	511	bio1	0.779134	2.063690	9.426825
MGYG000001971__gradient_L1_inulin_gapseq	1520	1753	511	bio1	1.005581	2.034234	9.489818
MGYG000001971__gradient_L2_fos_gapseq	1520	1753	511	bio1	1.005581	1.847670	9.483678
MGYG000001971__gradient_L3_gos_gapseq	1520	1753	511	bio1	1.221065	1.935610	9.502487
MGYG000001971__gradient_L4_xos_gapseq	1520	1753	511	bio1	1.234967	1.911239	9.452284
MGYG000001971__gradient_L5_pectin_gapseq	1520	1753	511	bio1	1.234967	1.827901	9.579433
MGYG000001971__gradient_L6_resistant_starch_gapseq	1520	1753	511	bio1	1.737762	2.114325	9.285820
MGYG000001971__gradient_L7_bglucan_gapseq	1520	1753	511	bio1	1.737762	2.030414	9.466644
MGYG000001971__gradient_L8_hmo_gapseq	1520	1753	511	bio1	1.737762	2.053123	9.270003
MGYG000001971__gradient_L9_mos_gapseq	1520	1753	511	bio1	1.848980	2.083071	9.322775
MGYG000002133__gradient_L0_base_gapseq	1381	1581	369	bio1	0.440617	1.714555	8.033751
MGYG000002133__gradient_L1_inulin_gapseq	1381	1581	369	bio1	0.534740	1.726810	7.617483
MGYG000002133__gradient_L2_fos_gapseq	1381	1581	369	bio1	0.534740	1.736749	7.800752
MGYG000002133__gradient_L3_gos_gapseq	1381	1581	369	bio1	0.752906	1.847028	7.674247
MGYG000002133__gradient_L4_xos_gapseq	1381	1581	369	bio1	0.859180	1.675880	7.934902
MGYG000002133__gradient_L5_pectin_gapseq	1381	1581	369	bio1	0.890918	1.654932	7.852063
MGYG000002133__gradient_L6_resistant_starch_gapseq	1381	1581	369	bio1	1.118579	2.044289	7.722085
MGYG000002133__gradient_L7_bglucan_gapseq	1381	1581	369	bio1	1.255363	1.739223	7.710172
MGYG000002133__gradient_L8_hmo_gapseq	1381	1581	369	bio1	1.255363	1.843894	7.920120
MGYG000002133__gradient_L9_mos_gapseq	1381	1581	369	bio1	1.340473	1.756251	7.920598
MGYG000002162__gradient_L0_base_gapseq	933	940	258	bio1	0.131955	0.942121	2.965746
MGYG000002162__gradient_L1_inulin_gapseq	933	940	258	bio1	0.131955	1.098024	2.860185
MGYG000002162__gradient_L2_fos_gapseq	933	940	258	bio1	0.131955	0.974018	2.999927
MGYG000002162__gradient_L3_gos_gapseq	933	940	258	bio1	0.131955	1.059671	2.916565
MGYG000002162__gradient_L4_xos_gapseq	933	940	258	bio1	0.131955	0.944834	2.954780
MGYG000002162__gradient_L5_pectin_gapseq	933	940	258	bio1	0.131955	1.028037	3.192639
MGYG000002162__gradient_L6_resistant_starch_gapseq	933	940	258	bio1	0.131955	0.954555	2.952187
MGYG000002162__gradient_L7_bglucan_gapseq	933	940	258	bio1	0.131955	0.948952	2.907001
MGYG000002162__gradient_L8_hmo_gapseq	933	940	258	bio1	0.131955	1.044527	2.913473
MGYG000002162__gradient_L9_mos_gapseq	933	940	258	bio1	0.131955	0.908797	3.025363
MGYG000002173__gradient_L0_base_gapseq	1026	1065	204	bio1	0.000000	1.364257	0.052974
MGYG000002173__gradient_L1_inulin_gapseq	1026	1065	204	bio1	0.568026	1.056618	3.551318
MGYG000002173__gradient_L2_fos_gapseq	1026	1065	204	bio1	0.568026	1.239761	3.632652
MGYG000002173__gradient_L3_gos_gapseq	1026	1065	204	bio1	0.695498	1.118904	3.632746
MGYG000002173__gradient_L4_xos_gapseq	1026	1065	204	bio1	0.801182	1.231598	3.551533
MGYG000002173__gradient_L5_pectin_gapseq	1026	1065	204	bio1	0.801182	1.079483	3.692709
MGYG000002173__gradient_L6_resistant_starch_gapseq	1026	1065	204	bio1	0.994383	1.230459	3.629267
MGYG000002173__gradient_L7_bglucan_gapseq	1026	1065	204	bio1	0.994383	1.085839	3.628759
MGYG000002173__gradient_L8_hmo_gapseq	1026	1065	204	bio1	0.994383	1.219669	3.641689
MGYG000002173__gradient_L9_mos_gapseq	1026	1065	204	bio1	0.994383	1.058327	3.775843
MGYG000002187__gradient_L0_base_gapseq	1166	1324	328	bio1	0.730744	1.367252	5.507539
MGYG000002187__gradient_L1_inulin_gapseq	1166	1324	328	bio1	1.024688	1.508959	5.432777
MGYG000002187__gradient_L2_fos_gapseq	1166	1324	328	bio1	1.024688	1.354669	5.734281
MGYG000002187__gradient_L3_gos_gapseq	1166	1324	328	bio1	1.318094	1.291423	5.416830
MGYG000002187__gradient_L4_xos_gapseq	1166	1324	328	bio1	1.318094	1.461962	5.448374
MGYG000002187__gradient_L5_pectin_gapseq	1166	1324	328	bio1	1.318094	1.708951	5.659186
MGYG000002187__gradient_L6_resistant_starch_gapseq	1166	1324	328	bio1	1.933802	1.322501	5.416589
MGYG000002187__gradient_L7_bglucan_gapseq	1166	1324	328	bio1	1.933802	1.424968	5.487954
MGYG000002187__gradient_L8_hmo_gapseq	1166	1324	328	bio1	1.933802	1.344151	5.792848
MGYG000002187__gradient_L9_mos_gapseq	1166	1324	328	bio1	2.076060	1.357010	5.343867
MGYG000002321__gradient_L0_base_gapseq	1343	1501	331	bio1	0.000000	1.775234	0.085749
MGYG000002321__gradient_L1_inulin_gapseq	1343	1501	331	bio1	0.000000	1.760540	0.079765
MGYG000002321__gradient_L2_fos_gapseq	1343	1501	331	bio1	0.000000	1.653086	0.100452
MGYG000002321__gradient_L3_gos_gapseq	1343	1501	331	bio1	0.000000	1.742019	0.098832
MGYG000002321__gradient_L4_xos_gapseq	1343	1501	331	bio1	0.934241	1.569754	7.046366
MGYG000002321__gradient_L5_pectin_gapseq	1343	1501	331	bio1	0.934241	1.842879	6.966263
MGYG000002321__gradient_L6_resistant_starch_gapseq	1343	1501	331	bio1	1.548564	1.752569	7.168659
MGYG000002321__gradient_L7_bglucan_gapseq	1343	1501	331	bio1	1.754010	1.890521	7.236822
MGYG000002321__gradient_L8_hmo_gapseq	1343	1501	331	bio1	1.754010	1.551626	6.983625
MGYG000002321__gradient_L9_mos_gapseq	1343	1501	331	bio1	1.895392	1.684094	7.051008
MGYG000002364__gradient_L0_base_gapseq	1343	1439	390	bio1	0.200142	1.727430	6.553619
MGYG000002364__gradient_L1_inulin_gapseq	1343	1439	390	bio1	0.327512	1.511021	6.754983
MGYG000002364__gradient_L2_fos_gapseq	1343	1439	390	bio1	0.327512	1.541036	6.558455
MGYG000002364__gradient_L3_gos_gapseq	1343	1439	390	bio1	0.327512	1.579470	6.667694
MGYG000002364__gradient_L4_xos_gapseq	1343	1439	390	bio1	0.327512	1.898868	6.620704
MGYG000002364__gradient_L5_pectin_gapseq	1343	1439	390	bio1	0.327512	1.493667	6.613245
MGYG000002364__gradient_L6_resistant_starch_gapseq	1343	1439	390	bio1	0.327512	1.496374	6.639298
MGYG000002364__gradient_L7_bglucan_gapseq	1343	1439	390	bio1	0.327512	1.669957	6.459713
MGYG000002364__gradient_L8_hmo_gapseq	1343	1439	390	bio1	0.327512	1.598146	6.544648
MGYG000002364__gradient_L9_mos_gapseq	1343	1439	390	bio1	0.327512	1.475390	6.746970
MGYG000002383__gradient_L0_base_gapseq	1528	1844	505	bio1	0.874482	2.065152	10.101156
MGYG000002383__gradient_L1_inulin_gapseq	1528	1844	505	bio1	1.101803	2.392420	10.126363
MGYG000002383__gradient_L2_fos_gapseq	1528	1844	505	bio1	1.101803	2.098695	10.110975
MGYG000002383__gradient_L3_gos_gapseq	1528	1844	505	bio1	1.324486	2.067581	10.015331
MGYG000002383__gradient_L4_xos_gapseq	1528	1844	505	bio1	1.449745	2.146334	10.178214
MGYG000002383__gradient_L5_pectin_gapseq	1528	1844	505	bio1	1.482219	2.056348	10.403103
MGYG000002383__gradient_L6_resistant_starch_gapseq	1528	1844	505	bio1	2.011090	2.154072	10.136497
MGYG000002383__gradient_L7_bglucan_gapseq	1528	1844	505	bio1	2.185060	2.145607	10.161519
MGYG000002383__gradient_L8_hmo_gapseq	1528	1844	505	bio1	2.185060	2.198768	10.351790
MGYG000002383__gradient_L9_mos_gapseq	1528	1844	505	bio1	2.296401	2.218647	10.501016
MGYG000002426__gradient_L0_base_gapseq	1280	1362	346	bio1	0.287388	1.664972	5.946329
MGYG000002426__gradient_L1_inulin_gapseq	1280	1362	346	bio1	0.435422	1.386717	6.055688
MGYG000002426__gradient_L2_fos_gapseq	1280	1362	346	bio1	0.435422	1.426335	6.050647
MGYG000002426__gradient_L3_gos_gapseq	1280	1362	346	bio1	0.435422	1.561035	5.935461
MGYG000002426__gradient_L4_xos_gapseq	1280	1362	346	bio1	0.435422	1.431650	6.038246
MGYG000002426__gradient_L5_pectin_gapseq	1280	1362	346	bio1	0.435422	1.398038	6.081042
MGYG000002426__gradient_L6_resistant_starch_gapseq	1280	1362	346	bio1	0.435422	1.623265	6.048027
MGYG000002426__gradient_L7_bglucan_gapseq	1280	1362	346	bio1	0.435422	1.857352	6.004261
MGYG000002426__gradient_L8_hmo_gapseq	1280	1362	346	bio1	0.435422	1.431542	5.891466
MGYG000002426__gradient_L9_mos_gapseq	1280	1362	346	bio1	0.435422	1.608768	6.152045
MGYG000002456__gradient_L0_base_gapseq	821	787	208	bio1	0.000000	0.759794	0.034195
MGYG000002456__gradient_L1_inulin_gapseq	821	787	208	bio1	0.000000	0.747814	0.028216
MGYG000002456__gradient_L2_fos_gapseq	821	787	208	bio1	0.000000	0.918223	0.027797
MGYG000002456__gradient_L3_gos_gapseq	821	787	208	bio1	0.000000	0.771155	0.046019
MGYG000002456__gradient_L4_xos_gapseq	821	787	208	bio1	0.000000	0.758183	0.027820
MGYG000002456__gradient_L5_pectin_gapseq	821	787	208	bio1	0.000000	0.770073	0.026736
MGYG000002456__gradient_L6_resistant_starch_gapseq	821	787	208	bio1	0.000000	0.794673	0.206327
MGYG000002456__gradient_L7_bglucan_gapseq	821	787	208	bio1	0.000000	0.793247	0.028084
MGYG000002456__gradient_L8_hmo_gapseq	821	787	208	bio1	0.000000	0.762283	0.027707
MGYG000002456__gradient_L9_mos_gapseq	821	787	208	bio1	0.000000	0.747659	0.028839
MGYG000002463	0	0	0	NONE	0.000000	0.000000	0.000000
MGYG000002479__gradient_L0_base_gapseq	1256	1333	306	bio1	0.226120	1.488342	5.966349
MGYG000002479__gradient_L1_inulin_gapseq	1256	1333	306	bio1	0.226120	1.435355	6.006766
MGYG000002479__gradient_L2_fos_gapseq	1256	1333	306	bio1	0.226120	1.441163	5.769971
MGYG000002479__gradient_L3_gos_gapseq	1256	1333	306	bio1	0.226120	1.507240	5.934171
MGYG000002479__gradient_L4_xos_gapseq	1256	1333	306	bio1	0.226120	1.370772	6.233181
MGYG000002479__gradient_L5_pectin_gapseq	1256	1333	306	bio1	0.226120	1.419373	5.875064
MGYG000002479__gradient_L6_resistant_starch_gapseq	1256	1333	306	bio1	0.226120	1.534980	5.772504
MGYG000002479__gradient_L7_bglucan_gapseq	1256	1333	306	bio1	0.226120	1.414611	6.012351
MGYG000002479__gradient_L8_hmo_gapseq	1256	1333	306	bio1	0.226120	1.419243	5.874605
MGYG000002479__gradient_L9_mos_gapseq	1256	1333	306	bio1	0.226120	1.566615	5.858117
MGYG000002542__gradient_L0_base_gapseq	1525	1823	496	bio1	0.471106	2.071009	10.129648
MGYG000002542__gradient_L1_inulin_gapseq	1525	1823	496	bio1	0.640708	2.064073	10.307957
MGYG000002542__gradient_L2_fos_gapseq	1525	1823	496	bio1	0.640708	2.080086	10.548357
MGYG000002542__gradient_L3_gos_gapseq	1525	1823	496	bio1	0.803243	2.102212	10.358979
MGYG000002542__gradient_L4_xos_gapseq	1525	1823	496	bio1	0.904667	1.947397	10.436903
MGYG000002542__gradient_L5_pectin_gapseq	1525	1823	496	bio1	0.904667	1.999406	10.503751
MGYG000002542__gradient_L6_resistant_starch_gapseq	1525	1823	496	bio1	1.238737	1.879840	10.629914
MGYG000002542__gradient_L7_bglucan_gapseq	1525	1823	496	bio1	1.238737	2.005227	10.475135
MGYG000002542__gradient_L8_hmo_gapseq	1525	1823	496	bio1	1.238737	1.940950	10.385531
MGYG000002542__gradient_L9_mos_gapseq	1525	1823	496	bio1	1.306267	1.977773	10.300992
MGYG000002623__gradient_L0_base_gapseq	1425	1649	388	bio1	0.489129	1.842085	8.418831
MGYG000002623__gradient_L1_inulin_gapseq	1425	1649	388	bio1	0.656303	1.681777	8.894598
MGYG000002623__gradient_L2_fos_gapseq	1425	1649	388	bio1	0.656303	1.781927	8.637472
MGYG000002623__gradient_L3_gos_gapseq	1425	1649	388	bio1	0.942511	1.728851	8.410428
MGYG000002623__gradient_L4_xos_gapseq	1425	1649	388	bio1	1.001071	1.857467	8.324752
MGYG000002623__gradient_L5_pectin_gapseq	1425	1649	388	bio1	1.001071	1.865183	8.295686
MGYG000002623__gradient_L6_resistant_starch_gapseq	1425	1649	388	bio1	1.530243	1.848569	8.683391
MGYG000002623__gradient_L7_bglucan_gapseq	1425	1649	388	bio1	1.530243	1.809655	8.796689
MGYG000002623__gradient_L8_hmo_gapseq	1425	1649	388	bio1	1.530243	1.779026	8.657483
MGYG000002623__gradient_L9_mos_gapseq	1425	1649	388	bio1	1.530243	1.769686	8.338290
MGYG000002634__gradient_L0_base_gapseq	1527	1822	543	bio1	1.048831	2.020587	10.130077
MGYG000002634__gradient_L1_inulin_gapseq	1527	1822	543	bio1	1.270613	2.078271	10.270831
MGYG000002634__gradient_L2_fos_gapseq	1527	1822	543	bio1	1.270613	2.164358	10.104815
MGYG000002634__gradient_L3_gos_gapseq	1527	1822	543	bio1	1.464672	2.081012	10.075657
MGYG000002634__gradient_L4_xos_gapseq	1527	1822	543	bio1	1.464672	1.945832	10.408582
MGYG000002634__gradient_L5_pectin_gapseq	1527	1822	543	bio1	1.464672	1.895463	10.465429
MGYG000002634__gradient_L6_resistant_starch_gapseq	1527	1822	543	bio1	1.938267	1.907231	10.320287
MGYG000002634__gradient_L7_bglucan_gapseq	1527	1822	543	bio1	1.938267	1.947856	10.227431
MGYG000002634__gradient_L8_hmo_gapseq	1527	1822	543	bio1	1.938267	1.929552	10.257194
MGYG000002634__gradient_L9_mos_gapseq	1527	1822	543	bio1	2.049158	1.876056	10.346197
MGYG000002715__gradient_L0_base_gapseq	1167	1248	278	bio1	0.000000	1.349161	0.068155
MGYG000002715__gradient_L1_inulin_gapseq	1167	1248	278	bio1	0.000000	1.354502	0.203096
MGYG000002715__gradient_L2_fos_gapseq	1167	1248	278	bio1	0.000000	1.325547	0.072258
MGYG000002715__gradient_L3_gos_gapseq	1167	1248	278	bio1	0.000000	1.349469	0.083480
MGYG000002715__gradient_L4_xos_gapseq	1167	1248	278	bio1	0.000000	1.483145	0.070726
MGYG000002715__gradient_L5_pectin_gapseq	1167	1248	278	bio1	0.000000	1.322891	0.073517
MGYG000002715__gradient_L6_resistant_starch_gapseq	1167	1248	278	bio1	0.000000	1.479670	0.074251
MGYG000002715__gradient_L7_bglucan_gapseq	1167	1248	278	bio1	0.000000	1.330055	0.080909
MGYG000002715__gradient_L8_hmo_gapseq	1167	1248	278	bio1	0.000000	1.406200	0.070813
MGYG000002715__gradient_L9_mos_gapseq	1167	1248	278	bio1	0.000000	1.515159	0.072564
MGYG000002747__gradient_L0_base_gapseq	1135	1274	307	bio1	0.720031	1.312265	5.276735
MGYG000002747__gradient_L1_inulin_gapseq	1135	1274	307	bio1	1.013599	1.527557	5.376321
MGYG000002747__gradient_L2_fos_gapseq	1135	1274	307	bio1	1.013599	1.321990	5.310379
MGYG000002747__gradient_L3_gos_gapseq	1135	1274	307	bio1	1.303830	1.361455	5.136401
MGYG000002747__gradient_L4_xos_gapseq	1135	1274	307	bio1	1.303830	1.425692	5.168298
MGYG000002747__gradient_L5_pectin_gapseq	1135	1274	307	bio1	1.303830	1.350766	5.048118
MGYG000002747__gradient_L6_resistant_starch_gapseq	1135	1274	307	bio1	1.912875	1.494574	5.218668
MGYG000002747__gradient_L7_bglucan_gapseq	1135	1274	307	bio1	1.912875	1.299620	5.251982
MGYG000002747__gradient_L8_hmo_gapseq	1135	1274	307	bio1	1.912875	1.315238	5.257089
MGYG000002747__gradient_L9_mos_gapseq	1135	1274	307	bio1	2.053593	1.422442	5.428057
MGYG000002770__gradient_L0_base_gapseq	1333	1495	373	bio1	0.694822	1.758664	7.238782
MGYG000002770__gradient_L1_inulin_gapseq	1333	1495	373	bio1	0.917168	1.653375	7.057630
MGYG000002770__gradient_L2_fos_gapseq	1333	1495	373	bio1	0.917168	1.582541	6.876752
MGYG000002770__gradient_L3_gos_gapseq	1333	1495	373	bio1	1.127601	1.758128	6.881181
MGYG000002770__gradient_L4_xos_gapseq	1333	1495	373	bio1	1.127601	1.677306	7.094633
MGYG000002770__gradient_L5_pectin_gapseq	1333	1495	373	bio1	1.127601	1.597898	7.192313
MGYG000002770__gradient_L6_resistant_starch_gapseq	1333	1495	373	bio1	1.585344	1.606398	7.118438
MGYG000002770__gradient_L7_bglucan_gapseq	1333	1495	373	bio1	1.739414	1.711361	7.169433
MGYG000002770__gradient_L8_hmo_gapseq	1333	1495	373	bio1	1.739414	1.708288	6.949326
MGYG000002770__gradient_L9_mos_gapseq	1333	1495	373	bio1	1.846593	1.632968	7.030853
MGYG000002840__gradient_L0_base_gapseq	1189	1321	395	bio1	0.336622	1.331046	5.727405
MGYG000002840__gradient_L1_inulin_gapseq	1189	1321	395	bio1	0.336622	1.626691	5.499734
MGYG000002840__gradient_L2_fos_gapseq	1189	1321	395	bio1	0.336622	1.417303	5.649059
MGYG000002840__gradient_L3_gos_gapseq	1189	1321	395	bio1	0.336622	1.352092	5.574683
MGYG000002840__gradient_L4_xos_gapseq	1189	1321	395	bio1	0.336622	1.578940	5.435001
MGYG000002840__gradient_L5_pectin_gapseq	1189	1321	395	bio1	0.336622	1.388593	5.718808
MGYG000002840__gradient_L6_resistant_starch_gapseq	1189	1321	395	bio1	0.336622	1.395546	5.514279
MGYG000002840__gradient_L7_bglucan_gapseq	1189	1321	395	bio1	0.336622	1.527540	5.545516
MGYG000002840__gradient_L8_hmo_gapseq	1189	1321	395	bio1	0.336622	1.642639	5.799820
MGYG000002840__gradient_L9_mos_gapseq	1189	1321	395	bio1	0.336622	1.457616	5.600783
MGYG000002858__gradient_L0_base_gapseq	1183	1290	329	bio1	0.704454	1.629813	5.357263
MGYG000002858__gradient_L1_inulin_gapseq	1183	1290	329	bio1	0.992541	1.658898	5.318013
MGYG000002858__gradient_L2_fos_gapseq	1183	1290	329	bio1	0.992541	1.333659	5.281152
MGYG000002858__gradient_L3_gos_gapseq	1183	1290	329	bio1	1.284381	1.415385	5.211146
MGYG000002858__gradient_L4_xos_gapseq	1183	1290	329	bio1	1.284381	1.448499	5.231594
MGYG000002858__gradient_L5_pectin_gapseq	1183	1290	329	bio1	1.284381	1.423599	5.347964
MGYG000002858__gradient_L6_resistant_starch_gapseq	1183	1290	329	bio1	1.896732	1.433314	5.295524
MGYG000002858__gradient_L7_bglucan_gapseq	1183	1290	329	bio1	2.102323	1.520387	5.410043
MGYG000002858__gradient_L8_hmo_gapseq	1183	1290	329	bio1	2.102323	1.379714	5.332466
MGYG000002858__gradient_L9_mos_gapseq	1183	1290	329	bio1	2.243805	1.548666	5.231451
MGYG000002883__gradient_L0_base_gapseq	1126	1183	211	bio1	0.000000	1.244036	0.232910
MGYG000002883__gradient_L1_inulin_gapseq	1126	1183	211	bio1	0.048074	1.209726	4.495008
MGYG000002883__gradient_L2_fos_gapseq	1126	1183	211	bio1	0.048074	1.232867	4.686321
MGYG000002883__gradient_L3_gos_gapseq	1126	1183	211	bio1	0.048074	1.241858	4.528411
MGYG000002883__gradient_L4_xos_gapseq	1126	1183	211	bio1	0.048074	1.306491	4.730799
MGYG000002883__gradient_L5_pectin_gapseq	1126	1183	211	bio1	0.048074	1.230863	4.666802
MGYG000002883__gradient_L6_resistant_starch_gapseq	1126	1183	211	bio1	0.048074	1.390137	4.566355
MGYG000002883__gradient_L7_bglucan_gapseq	1126	1183	211	bio1	0.048074	1.266500	4.781161
MGYG000002883__gradient_L8_hmo_gapseq	1126	1183	211	bio1	0.048074	1.230072	4.606211
MGYG000002883__gradient_L9_mos_gapseq	1126	1183	211	bio1	0.048074	1.255257	4.653382
MGYG000002903__gradient_L0_base_gapseq	1219	1223	232	bio1	0.036745	1.335360	4.865425
MGYG000002903__gradient_L1_inulin_gapseq	1219	1223	232	bio1	0.122565	1.587781	4.842600
MGYG000002903__gradient_L2_fos_gapseq	1219	1223	232	bio1	0.122565	1.264432	5.106994
MGYG000002903__gradient_L3_gos_gapseq	1219	1223	232	bio1	0.122565	1.554702	5.027013
MGYG000002903__gradient_L4_xos_gapseq	1219	1223	232	bio1	0.122565	1.355662	4.941223
MGYG000002903__gradient_L5_pectin_gapseq	1219	1223	232	bio1	0.122565	1.373174	4.906956
MGYG000002903__gradient_L6_resistant_starch_gapseq	1219	1223	232	bio1	0.204282	1.444018	4.843213
MGYG000002903__gradient_L7_bglucan_gapseq	1219	1223	232	bio1	0.204282	1.380289	4.861963
MGYG000002903__gradient_L8_hmo_gapseq	1219	1223	232	bio1	0.204282	1.442765	4.816825
MGYG000002903__gradient_L9_mos_gapseq	1219	1223	232	bio1	0.204282	1.334495	5.314656
MGYG000002926__gradient_L0_base_gapseq	1048	1146	261	bio1	0.000000	1.221847	0.059030
MGYG000002926__gradient_L1_inulin_gapseq	1048	1146	261	bio1	0.000000	1.280187	0.061478
MGYG000002926__gradient_L2_fos_gapseq	1048	1146	261	bio1	0.000000	1.206253	0.066079
MGYG000002926__gradient_L3_gos_gapseq	1048	1146	261	bio1	0.000000	1.210095	0.057374
MGYG000002926__gradient_L4_xos_gapseq	1048	1146	261	bio1	0.000000	1.357374	0.054538
MGYG000002926__gradient_L5_pectin_gapseq	1048	1146	261	bio1	0.000000	1.146291	0.055264
MGYG000002926__gradient_L6_resistant_starch_gapseq	1048	1146	261	bio1	0.000000	1.272919	0.052021
MGYG000002926__gradient_L7_bglucan_gapseq	1048	1146	261	bio1	0.000000	1.373855	0.072102
MGYG000002926__gradient_L8_hmo_gapseq	1048	1146	261	bio1	0.000000	1.165176	0.054249
MGYG000002926__gradient_L9_mos_gapseq	1048	1146	261	bio1	0.000000	1.382767	0.057802
MGYG000002959__gradient_L0_base_gapseq	1102	1212	273	bio1	0.347648	1.290091	4.846069
MGYG000002959__gradient_L1_inulin_gapseq	1102	1212	273	bio1	0.499900	1.603142	4.842453
MGYG000002959__gradient_L2_fos_gapseq	1102	1212	273	bio1	0.499900	1.299256	4.790639
MGYG000002959__gradient_L3_gos_gapseq	1102	1212	273	bio1	0.499900	1.433023	4.760171
MGYG000002959__gradient_L4_xos_gapseq	1102	1212	273	bio1	0.499900	1.247542	4.858342
MGYG000002959__gradient_L5_pectin_gapseq	1102	1212	273	bio1	0.499900	1.273714	4.686217
MGYG000002959__gradient_L6_resistant_starch_gapseq	1102	1212	273	bio1	0.499900	1.506578	4.972970
MGYG000002959__gradient_L7_bglucan_gapseq	1102	1212	273	bio1	0.499900	1.337520	5.006181
MGYG000002959__gradient_L8_hmo_gapseq	1102	1212	273	bio1	0.499900	1.279259	4.765573
MGYG000002959__gradient_L9_mos_gapseq	1102	1212	273	bio1	0.499900	1.309128	4.975829
MGYG000003125__gradient_L0_base_gapseq	1622	1897	469	bio1	0.496449	2.057965	11.211873
MGYG000003125__gradient_L1_inulin_gapseq	1622	1897	469	bio1	0.780347	2.049862	11.132365
MGYG000003125__gradient_L2_fos_gapseq	1622	1897	469	bio1	0.780347	1.931455	11.031366
MGYG000003125__gradient_L3_gos_gapseq	1622	1897	469	bio1	0.878620	2.117454	11.273221
MGYG000003125__gradient_L4_xos_gapseq	1622	1897	469	bio1	0.955054	2.112638	11.443805
MGYG000003125__gradient_L5_pectin_gapseq	1622	1897	469	bio1	0.955054	2.093790	11.008450
MGYG000003125__gradient_L6_resistant_starch_gapseq	1622	1897	469	bio1	1.488206	1.965376	10.991789
MGYG000003125__gradient_L7_bglucan_gapseq	1622	1897	469	bio1	1.488206	2.059911	11.320786
MGYG000003125__gradient_L8_hmo_gapseq	1622	1897	469	bio1	1.488206	2.001370	11.051061
MGYG000003125__gradient_L9_mos_gapseq	1622	1897	469	bio1	1.597365	2.068636	11.444210
MGYG000003226__gradient_L0_base_gapseq	1037	1134	256	bio1	0.000000	1.115709	0.061386
MGYG000003226__gradient_L1_inulin_gapseq	1037	1134	256	bio1	0.000000	1.381788	0.051410
MGYG000003226__gradient_L2_fos_gapseq	1037	1134	256	bio1	0.000000	1.203323	0.051506
MGYG000003226__gradient_L3_gos_gapseq	1037	1134	256	bio1	0.199073	1.171389	4.218009
MGYG000003226__gradient_L4_xos_gapseq	1037	1134	256	bio1	0.199073	1.181118	4.028498
MGYG000003226__gradient_L5_pectin_gapseq	1037	1134	256	bio1	0.222495	1.140165	4.267438
MGYG000003226__gradient_L6_resistant_starch_gapseq	1037	1134	256	bio1	0.559765	1.149054	4.057200
MGYG000003226__gradient_L7_bglucan_gapseq	1037	1134	256	bio1	0.679215	1.247675	4.068585
MGYG000003226__gradient_L8_hmo_gapseq	1037	1134	256	bio1	0.758849	1.114521	3.965243
MGYG000003226__gradient_L9_mos_gapseq	1037	1134	256	bio1	0.758849	1.376594	4.207472
MGYG000003358__gradient_L0_base_gapseq	2319	2886	1271	bio1	1.536731	3.326774	25.369795
MGYG000003358__gradient_L1_inulin_gapseq	2319	2886	1271	bio1	1.858841	3.486165	26.200344
MGYG000003358__gradient_L2_fos_gapseq	2319	2886	1271	bio1	1.858841	3.348994	25.270856
MGYG000003358__gradient_L3_gos_gapseq	2319	2886	1271	bio1	2.205313	3.367466	25.734346
MGYG000003358__gradient_L4_xos_gapseq	2319	2886	1271	bio1	2.375966	3.778376	25.405074
MGYG000003358__gradient_L5_pectin_gapseq	2319	2886	1271	bio1	2.419212	3.123972	20.798934
MGYG000003358__gradient_L6_resistant_starch_gapseq	2319	2886	1271	bio1	3.066457	2.301853	16.633686
MGYG000003358__gradient_L7_bglucan_gapseq	2319	2886	1271	bio1	3.285066	2.176762	16.000624
MGYG000003358__gradient_L8_hmo_gapseq	2319	2886	1271	bio1	3.285066	2.226251	15.680212
MGYG000003358__gradient_L9_mos_gapseq	2319	2886	1271	bio1	3.425390	2.157365	15.605601
MGYG000003476__gradient_L0_base_gapseq	847	851	156	bio1	0.243036	0.856858	2.278997
MGYG000003476__gradient_L1_inulin_gapseq	847	851	156	bio1	0.465828	1.001521	2.416569
MGYG000003476__gradient_L2_fos_gapseq	847	851	156	bio1	0.465828	0.842063	2.290299
MGYG000003476__gradient_L3_gos_gapseq	847	851	156	bio1	0.625326	0.829450	2.504573
MGYG000003476__gradient_L4_xos_gapseq	847	851	156	bio1	0.625326	0.863724	2.331791
MGYG000003476__gradient_L5_pectin_gapseq	847	851	156	bio1	0.660770	0.860156	2.332379
MGYG000003476__gradient_L6_resistant_starch_gapseq	847	851	156	bio1	0.751912	0.992128	2.309643
MGYG000003476__gradient_L7_bglucan_gapseq	847	851	156	bio1	0.751912	0.836853	2.314208
MGYG000003476__gradient_L8_hmo_gapseq	847	851	156	bio1	0.751912	0.866736	2.338895
MGYG000003476__gradient_L9_mos_gapseq	847	851	156	bio1	0.792419	1.004825	2.585769
MGYG000003686__gradient_L0_base_gapseq	1209	1282	324	bio1	0.000000	1.376696	0.068523
MGYG000003686__gradient_L1_inulin_gapseq	1209	1282	324	bio1	0.000000	1.353458	0.198349
MGYG000003686__gradient_L2_fos_gapseq	1209	1282	324	bio1	0.000000	1.341426	0.081953
MGYG000003686__gradient_L3_gos_gapseq	1209	1282	324	bio1	0.000000	1.349975	0.076937
MGYG000003686__gradient_L4_xos_gapseq	1209	1282	324	bio1	0.000000	1.475845	0.075600
MGYG000003686__gradient_L5_pectin_gapseq	1209	1282	324	bio1	0.000000	1.356841	0.064611
MGYG000003686__gradient_L6_resistant_starch_gapseq	1209	1282	324	bio1	0.000000	1.446560	0.065803
MGYG000003686__gradient_L7_bglucan_gapseq	1209	1282	324	bio1	0.000000	1.329203	0.070239
MGYG000003686__gradient_L8_hmo_gapseq	1209	1282	324	bio1	0.000000	1.324276	0.070612
MGYG000003686__gradient_L9_mos_gapseq	1209	1282	324	bio1	0.000000	1.543132	0.080009
MGYG000003713__gradient_L0_base_gapseq	1237	1337	324	bio1	0.365371	1.421390	5.864456
MGYG000003713__gradient_L1_inulin_gapseq	1237	1337	324	bio1	0.517820	1.531281	5.808558
MGYG000003713__gradient_L2_fos_gapseq	1237	1337	324	bio1	0.517820	1.430671	6.196624
MGYG000003713__gradient_L3_gos_gapseq	1237	1337	324	bio1	0.517820	1.362106	5.933323
MGYG000003713__gradient_L4_xos_gapseq	1237	1337	324	bio1	0.517820	1.558540	5.922724
MGYG000003713__gradient_L5_pectin_gapseq	1237	1337	324	bio1	0.517820	1.413955	6.319195
MGYG000003713__gradient_L6_resistant_starch_gapseq	1237	1337	324	bio1	0.517820	1.400447	5.896056
MGYG000003713__gradient_L7_bglucan_gapseq	1237	1337	324	bio1	0.517820	1.573163	5.745727
MGYG000003713__gradient_L8_hmo_gapseq	1237	1337	324	bio1	0.517820	1.457274	5.921503
MGYG000003713__gradient_L9_mos_gapseq	1237	1337	324	bio1	0.517820	1.385675	5.888575
MGYG000003739__gradient_L0_base_gapseq	1457	1748	389	bio1	0.490134	1.943128	9.129646
MGYG000003739__gradient_L1_inulin_gapseq	1457	1748	389	bio1	0.646980	1.873850	9.536106
MGYG000003739__gradient_L2_fos_gapseq	1457	1748	389	bio1	0.646980	1.899744	9.175171
MGYG000003739__gradient_L3_gos_gapseq	1457	1748	389	bio1	0.794023	1.973359	9.746242
MGYG000003739__gradient_L4_xos_gapseq	1457	1748	389	bio1	0.794023	1.920538	9.173707
MGYG000003739__gradient_L5_pectin_gapseq	1457	1748	389	bio1	0.794023	1.834483	9.413858
MGYG000003739__gradient_L6_resistant_starch_gapseq	1457	1748	389	bio1	1.117541	1.765097	9.525814
MGYG000003739__gradient_L7_bglucan_gapseq	1457	1748	389	bio1	1.117541	1.793136	9.035862
MGYG000003739__gradient_L8_hmo_gapseq	1457	1748	389	bio1	1.117541	2.027868	9.630029
MGYG000003739__gradient_L9_mos_gapseq	1457	1748	389	bio1	1.194447	2.087969	9.270036
MGYG000003836__gradient_L0_base_gapseq	1231	1278	316	bio1	0.215065	1.365720	5.808954
MGYG000003836__gradient_L1_inulin_gapseq	1231	1278	316	bio1	0.273722	1.425563	5.255728
MGYG000003836__gradient_L2_fos_gapseq	1231	1278	316	bio1	0.273722	1.433712	5.282127
MGYG000003836__gradient_L3_gos_gapseq	1231	1278	316	bio1	0.273722	1.356165	5.295563
MGYG000003836__gradient_L4_xos_gapseq	1231	1278	316	bio1	0.273722	1.958613	5.316019
MGYG000003836__gradient_L5_pectin_gapseq	1231	1278	316	bio1	0.273722	1.338606	5.340354
MGYG000003836__gradient_L6_resistant_starch_gapseq	1231	1278	316	bio1	0.303051	1.327771	5.165638
MGYG000003836__gradient_L7_bglucan_gapseq	1231	1278	316	bio1	0.303051	1.564952	5.135209
MGYG000003836__gradient_L8_hmo_gapseq	1231	1278	316	bio1	0.303051	1.352574	5.429186
MGYG000003836__gradient_L9_mos_gapseq	1231	1278	316	bio1	0.303051	1.392251	5.141697
MGYG000003883__gradient_L0_base_gapseq	2232	2773	1128	bio1	0.000000	3.268820	0.454424
MGYG000003883__gradient_L1_inulin_gapseq	2232	2773	1128	bio1	0.000000	3.013974	0.452689
MGYG000003883__gradient_L2_fos_gapseq	2232	2773	1128	bio1	0.000000	3.204335	0.267094
MGYG000003883__gradient_L3_gos_gapseq	2232	2773	1128	bio1	0.000000	3.224410	0.292296
MGYG000003883__gradient_L4_xos_gapseq	2232	2773	1128	bio1	0.000000	3.172775	0.284824
MGYG000003883__gradient_L5_pectin_gapseq	2232	2773	1128	bio1	0.000000	3.413240	0.288025
MGYG000003883__gradient_L6_resistant_starch_gapseq	2232	2773	1128	bio1	3.033649	3.736471	24.110737
MGYG000003883__gradient_L7_bglucan_gapseq	2232	2773	1128	bio1	3.195793	3.234805	23.770789
MGYG000003883__gradient_L8_hmo_gapseq	2232	2773	1128	bio1	3.195793	3.238792	23.936290
MGYG000003883__gradient_L9_mos_gapseq	2232	2773	1128	bio1	3.195793	3.217474	22.299681
MGYG000003938__gradient_L0_base_gapseq	1072	1202	307	bio1	0.225970	1.280774	4.650149
MGYG000003938__gradient_L1_inulin_gapseq	1072	1202	307	bio1	0.225970	1.385650	4.508505
MGYG000003938__gradient_L2_fos_gapseq	1072	1202	307	bio1	0.225970	1.202201	4.631869
MGYG000003938__gradient_L3_gos_gapseq	1072	1202	307	bio1	0.225970	1.267582	4.812969
MGYG000003938__gradient_L4_xos_gapseq	1072	1202	307	bio1	0.225970	1.353749	4.827394
MGYG000003938__gradient_L5_pectin_gapseq	1072	1202	307	bio1	0.225970	1.204245	4.546261
MGYG000003938__gradient_L6_resistant_starch_gapseq	1072	1202	307	bio1	0.225970	1.421339	4.528968
MGYG000003938__gradient_L7_bglucan_gapseq	1072	1202	307	bio1	0.225970	1.217699	4.485687
MGYG000003938__gradient_L8_hmo_gapseq	1072	1202	307	bio1	0.225970	1.353990	4.652056
MGYG000003938__gradient_L9_mos_gapseq	1072	1202	307	bio1	0.225970	1.235254	4.940376
MGYG000004071__gradient_L0_base_gapseq	1178	1336	298	bio1	0.000000	1.477137	0.070315
MGYG000004071__gradient_L1_inulin_gapseq	1178	1336	298	bio1	0.000000	1.576031	0.077589
MGYG000004071__gradient_L2_fos_gapseq	1178	1336	298	bio1	0.000000	1.458877	0.077247
MGYG000004071__gradient_L3_gos_gapseq	1178	1336	298	bio1	0.720569	1.538916	5.519095
MGYG000004071__gradient_L4_xos_gapseq	1178	1336	298	bio1	0.720569	1.394081	5.511429
MGYG000004071__gradient_L5_pectin_gapseq	1178	1336	298	bio1	0.720569	1.575163	5.885752
MGYG000004071__gradient_L6_resistant_starch_gapseq	1178	1336	298	bio1	1.326294	1.414906	5.629660
MGYG000004071__gradient_L7_bglucan_gapseq	1178	1336	298	bio1	1.326294	1.433913	5.386433
MGYG000004071__gradient_L8_hmo_gapseq	1178	1336	298	bio1	1.326294	1.610190	5.476206
MGYG000004071__gradient_L9_mos_gapseq	1178	1336	298	bio1	1.326294	1.469969	5.778769
MGYG000004090__gradient_L0_base_gapseq	1212	1357	316	bio1	0.293213	1.484513	5.889387
MGYG000004090__gradient_L1_inulin_gapseq	1212	1357	316	bio1	0.397573	1.499021	5.758900
MGYG000004090__gradient_L2_fos_gapseq	1212	1357	316	bio1	0.397573	1.448094	6.280757
MGYG000004090__gradient_L3_gos_gapseq	1212	1357	316	bio1	0.475670	1.439753	6.105671
MGYG000004090__gradient_L4_xos_gapseq	1212	1357	316	bio1	0.475670	1.554104	5.766558
MGYG000004090__gradient_L5_pectin_gapseq	1212	1357	316	bio1	0.475670	1.407185	5.932184
MGYG000004090__gradient_L6_resistant_starch_gapseq	1212	1357	316	bio1	0.579799	1.395948	5.972266
MGYG000004090__gradient_L7_bglucan_gapseq	1212	1357	316	bio1	0.579799	1.531460	5.926769
MGYG000004090__gradient_L8_hmo_gapseq	1212	1357	316	bio1	0.579799	1.424484	5.974231
MGYG000004090__gradient_L9_mos_gapseq	1212	1357	316	bio1	0.683928	1.402201	5.729779
MGYG000004103__gradient_L0_base_gapseq	861	813	113	bio1	0.000000	0.859225	0.033988
MGYG000004103__gradient_L1_inulin_gapseq	861	813	113	bio1	0.000000	0.842972	0.029225
MGYG000004103__gradient_L2_fos_gapseq	861	813	113	bio1	0.000000	0.820052	0.042024
MGYG000004103__gradient_L3_gos_gapseq	861	813	113	bio1	0.000000	0.962420	0.030572
MGYG000004103__gradient_L4_xos_gapseq	861	813	113	bio1	0.000000	0.839256	0.032704
MGYG000004103__gradient_L5_pectin_gapseq	861	813	113	bio1	0.000000	0.838646	0.030873
MGYG000004103__gradient_L6_resistant_starch_gapseq	861	813	113	bio1	0.000000	0.848456	0.049926
MGYG000004103__gradient_L7_bglucan_gapseq	861	813	113	bio1	0.000000	0.974137	0.032000
MGYG000004103__gradient_L8_hmo_gapseq	861	813	113	bio1	0.000000	0.816720	0.028477
MGYG000004103__gradient_L9_mos_gapseq	861	813	113	bio1	0.000000	0.832595	0.029191
MGYG000004134__gradient_L0_base_gapseq	1169	1245	307	bio1	0.000000	1.297657	0.056354
MGYG000004134__gradient_L1_inulin_gapseq	1169	1245	307	bio1	0.233463	1.491965	5.400667
MGYG000004134__gradient_L2_fos_gapseq	1169	1245	307	bio1	0.233463	1.258716	5.508496
MGYG000004134__gradient_L3_gos_gapseq	1169	1245	307	bio1	0.233463	1.291213	5.003223
MGYG000004134__gradient_L4_xos_gapseq	1169	1245	307	bio1	0.244497	1.405546	5.017843
MGYG000004134__gradient_L5_pectin_gapseq	1169	1245	307	bio1	0.244497	1.259079	5.011410
MGYG000004134__gradient_L6_resistant_starch_gapseq	1169	1245	307	bio1	0.249551	1.451519	5.144490
MGYG000004134__gradient_L7_bglucan_gapseq	1169	1245	307	bio1	0.249551	1.362062	5.317948
MGYG000004134__gradient_L8_hmo_gapseq	1169	1245	307	bio1	0.249551	1.302127	5.048326
MGYG000004134__gradient_L9_mos_gapseq	1169	1245	307	bio1	0.249551	1.382846	5.061143
MGYG000004175__gradient_L0_base_gapseq	710	669	94	bio1	0.000000	0.626334	0.024957
MGYG000004175__gradient_L1_inulin_gapseq	710	669	94	bio1	0.000000	0.666990	0.036579
MGYG000004175__gradient_L2_fos_gapseq	710	669	94	bio1	0.000000	0.709738	0.032291
MGYG000004175__gradient_L3_gos_gapseq	710	669	94	bio1	0.000000	0.670113	0.025377
MGYG000004175__gradient_L4_xos_gapseq	710	669	94	bio1	0.000000	1.108001	0.029768
MGYG000004175__gradient_L5_pectin_gapseq	710	669	94	bio1	0.000000	0.700803	0.025301
MGYG000004175__gradient_L6_resistant_starch_gapseq	710	669	94	bio1	0.000000	0.686829	0.031318
MGYG000004175__gradient_L7_bglucan_gapseq	710	669	94	bio1	0.000000	0.698422	0.023948
MGYG000004175__gradient_L8_hmo_gapseq	710	669	94	bio1	0.000000	0.659106	0.022927
MGYG000004175__gradient_L9_mos_gapseq	710	669	94	bio1	0.000000	0.802058	0.025535
MGYG000004208__gradient_L0_base_gapseq	1209	1384	305	bio1	0.000000	1.448780	0.075264
MGYG000004208__gradient_L1_inulin_gapseq	1209	1384	305	bio1	0.000000	1.418018	0.199736
MGYG000004208__gradient_L2_fos_gapseq	1209	1384	305	bio1	0.000000	1.397123	0.073435
MGYG000004208__gradient_L3_gos_gapseq	1209	1384	305	bio1	0.000000	1.418048	0.078837
MGYG000004208__gradient_L4_xos_gapseq	1209	1384	305	bio1	0.275486	1.621489	5.916235
MGYG000004208__gradient_L5_pectin_gapseq	1209	1384	305	bio1	0.275486	1.397877	6.159444
MGYG000004208__gradient_L6_resistant_starch_gapseq	1209	1384	305	bio1	0.341805	1.504062	6.103971
MGYG000004208__gradient_L7_bglucan_gapseq	1209	1384	305	bio1	0.447224	1.540071	5.966291
MGYG000004208__gradient_L8_hmo_gapseq	1209	1384	305	bio1	0.447224	1.548885	6.196122
MGYG000004208__gradient_L9_mos_gapseq	1209	1384	305	bio1	0.511114	1.408248	6.005078
MGYG000004219__gradient_L0_base_gapseq	1238	1379	304	bio1	0.000000	1.511408	0.064684
MGYG000004219__gradient_L1_inulin_gapseq	1238	1379	304	bio1	0.000000	1.657250	0.081731
MGYG000004219__gradient_L2_fos_gapseq	1238	1379	304	bio1	0.000000	1.466467	0.071355
MGYG000004219__gradient_L3_gos_gapseq	1238	1379	304	bio1	0.000000	1.455539	0.081083
MGYG000004219__gradient_L4_xos_gapseq	1238	1379	304	bio1	0.000000	1.615825	0.110368
MGYG000004219__gradient_L5_pectin_gapseq	1238	1379	304	bio1	0.000000	1.541368	0.071178
MGYG000004219__gradient_L6_resistant_starch_gapseq	1238	1379	304	bio1	0.000000	1.669682	0.078376
MGYG000004219__gradient_L7_bglucan_gapseq	1238	1379	304	bio1	0.000000	1.425556	0.070470
MGYG000004219__gradient_L8_hmo_gapseq	1238	1379	304	bio1	0.000000	1.561022	0.072537
MGYG000004219__gradient_L9_mos_gapseq	1238	1379	304	bio1	0.000000	1.453277	0.075866
MGYG000004337__gradient_L0_base_gapseq	1327	1398	340	bio1	0.418021	1.685351	6.351001
MGYG000004337__gradient_L1_inulin_gapseq	1327	1398	340	bio1	0.566651	1.523661	6.321865
MGYG000004337__gradient_L2_fos_gapseq	1327	1398	340	bio1	0.566651	1.499302	6.381706
MGYG000004337__gradient_L3_gos_gapseq	1327	1398	340	bio1	0.566651	1.718625	6.601533
MGYG000004337__gradient_L4_xos_gapseq	1327	1398	340	bio1	0.566651	1.754582	6.180602
MGYG000004337__gradient_L5_pectin_gapseq	1327	1398	340	bio1	0.566651	1.444659	6.386643
MGYG000004337__gradient_L6_resistant_starch_gapseq	1327	1398	340	bio1	0.683582	1.518631	6.180167
MGYG000004337__gradient_L7_bglucan_gapseq	1327	1398	340	bio1	0.683582	1.654736	5.835041
MGYG000004337__gradient_L8_hmo_gapseq	1327	1398	340	bio1	0.683582	1.450051	5.778513
MGYG000004337__gradient_L9_mos_gapseq	1327	1398	340	bio1	0.683582	1.320369	4.883005
MGYG000004370__gradient_L0_base_gapseq	1134	1198	210	bio1	0.000000	1.263703	0.054561
MGYG000004370__gradient_L1_inulin_gapseq	1134	1198	210	bio1	0.000000	1.236114	0.060252
MGYG000004370__gradient_L2_fos_gapseq	1134	1198	210	bio1	0.000000	1.339298	0.076152
MGYG000004370__gradient_L3_gos_gapseq	1134	1198	210	bio1	0.000000	1.235228	0.076646
MGYG000004370__gradient_L4_xos_gapseq	1134	1198	210	bio1	0.000000	1.243447	0.252709
MGYG000004370__gradient_L5_pectin_gapseq	1134	1198	210	bio1	0.000000	1.247477	0.063250
MGYG000004370__gradient_L6_resistant_starch_gapseq	1134	1198	210	bio1	0.000000	1.229022	0.069813
MGYG000004370__gradient_L7_bglucan_gapseq	1134	1198	210	bio1	0.000000	1.314177	0.064471
MGYG000004370__gradient_L8_hmo_gapseq	1134	1198	210	bio1	0.000000	1.260230	0.062924
MGYG000004370__gradient_L9_mos_gapseq	1134	1198	210	bio1	0.000000	1.207220	0.057967
MGYG000004380__gradient_L0_base_gapseq	1388	1526	354	bio1	0.000000	1.851840	0.089319
MGYG000004380__gradient_L1_inulin_gapseq	1388	1526	354	bio1	0.000000	1.642838	0.097823
MGYG000004380__gradient_L2_fos_gapseq	1388	1526	354	bio1	0.000000	1.690400	0.082729
MGYG000004380__gradient_L3_gos_gapseq	1388	1526	354	bio1	0.855061	1.619172	7.381686
MGYG000004380__gradient_L4_xos_gapseq	1388	1526	354	bio1	0.855061	1.589363	7.562838
MGYG000004380__gradient_L5_pectin_gapseq	1388	1526	354	bio1	0.855061	1.970168	7.135510
MGYG000004380__gradient_L6_resistant_starch_gapseq	1388	1526	354	bio1	1.393218	1.758977	7.164504
MGYG000004380__gradient_L7_bglucan_gapseq	1388	1526	354	bio1	1.393218	1.660951	7.369766
MGYG000004380__gradient_L8_hmo_gapseq	1388	1526	354	bio1	1.393218	1.503372	6.786511
MGYG000004380__gradient_L9_mos_gapseq	1388	1526	354	bio1	1.393218	1.603992	6.236603
MGYG000004425__gradient_L0_base_gapseq	874	960	174	bio1	0.000000	0.914134	0.040509
MGYG000004425__gradient_L1_inulin_gapseq	874	960	174	bio1	0.000000	1.156744	0.048747
MGYG000004425__gradient_L2_fos_gapseq	874	960	174	bio1	0.000000	0.999289	0.061599
MGYG000004425__gradient_L3_gos_gapseq	874	960	174	bio1	0.423509	0.970000	3.119687
MGYG000004425__gradient_L4_xos_gapseq	874	960	174	bio1	0.423509	1.363869	2.963715
MGYG000004425__gradient_L5_pectin_gapseq	874	960	174	bio1	0.473069	1.283223	3.164107
MGYG000004425__gradient_L6_resistant_starch_gapseq	874	960	174	bio1	1.083716	1.145357	2.990005
MGYG000004425__gradient_L7_bglucan_gapseq	874	960	174	bio1	1.083716	0.990139	2.970834
MGYG000004425__gradient_L8_hmo_gapseq	874	960	174	bio1	1.083716	1.067058	2.952354
MGYG000004425__gradient_L9_mos_gapseq	874	960	174	bio1	1.186316	0.961847	3.032744
MGYG000004501__gradient_L0_base_gapseq	1161	1280	286	bio1	0.000000	1.424711	0.059428
MGYG000004501__gradient_L1_inulin_gapseq	1161	1280	286	bio1	0.000000	1.355044	0.076554
MGYG000004501__gradient_L2_fos_gapseq	1161	1280	286	bio1	0.000000	1.558909	0.081285
MGYG000004501__gradient_L3_gos_gapseq	1161	1280	286	bio1	0.477433	1.349939	5.280638
MGYG000004501__gradient_L4_xos_gapseq	1161	1280	286	bio1	0.490454	1.971808	5.290263
MGYG000004501__gradient_L5_pectin_gapseq	1161	1280	286	bio1	0.490454	1.312297	5.339564
MGYG000004501__gradient_L6_resistant_starch_gapseq	1161	1280	286	bio1	0.594624	1.279889	5.133765
MGYG000004501__gradient_L7_bglucan_gapseq	1161	1280	286	bio1	0.594624	1.308086	5.257329
MGYG000004501__gradient_L8_hmo_gapseq	1161	1280	286	bio1	0.594624	1.324618	4.852473
MGYG000004501__gradient_L9_mos_gapseq	1161	1280	286	bio1	0.594624	1.352348	4.886093
MGYG000004527__gradient_L0_base_gapseq	728	672	93	bio1	0.000000	0.698143	0.029433
MGYG000004527__gradient_L1_inulin_gapseq	728	672	93	bio1	0.000000	0.859566	0.018176
MGYG000004527__gradient_L2_fos_gapseq	728	672	93	bio1	0.000000	0.665678	0.020637
MGYG000004527__gradient_L3_gos_gapseq	728	672	93	bio1	0.000000	0.665685	0.026841
MGYG000004527__gradient_L4_xos_gapseq	728	672	93	bio1	0.000000	0.722165	0.030740
MGYG000004527__gradient_L5_pectin_gapseq	728	672	93	bio1	0.000000	0.715558	0.025138
MGYG000004527__gradient_L6_resistant_starch_gapseq	728	672	93	bio1	0.000000	0.806205	0.026046
MGYG000004527__gradient_L7_bglucan_gapseq	728	672	93	bio1	0.000000	0.767012	0.025844
MGYG000004527__gradient_L8_hmo_gapseq	728	672	93	bio1	0.000000	0.693768	0.028603
MGYG000004527__gradient_L9_mos_gapseq	728	672	93	bio1	0.000000	0.701248	0.025044
MGYG000004592__gradient_L0_base_gapseq	1229	1256	262	bio1	0.000000	1.391282	0.081632
MGYG000004592__gradient_L1_inulin_gapseq	1229	1256	262	bio1	0.000000	1.497754	0.070531
MGYG000004592__gradient_L2_fos_gapseq	1229	1256	262	bio1	0.000000	1.387225	0.070394
MGYG000004592__gradient_L3_gos_gapseq	1229	1256	262	bio1	0.000000	1.473774	0.068180
MGYG000004592__gradient_L4_xos_gapseq	1229	1256	262	bio1	0.000000	1.542457	0.063959
MGYG000004592__gradient_L5_pectin_gapseq	1229	1256	262	bio1	0.000000	1.454320	0.063122
MGYG000004592__gradient_L6_resistant_starch_gapseq	1229	1256	262	bio1	0.357703	1.638981	5.096747
MGYG000004592__gradient_L7_bglucan_gapseq	1229	1256	262	bio1	0.548326	1.290830	5.187457
MGYG000004592__gradient_L8_hmo_gapseq	1229	1256	262	bio1	0.548326	1.332851	5.110669
MGYG000004592__gradient_L9_mos_gapseq	1229	1256	262	bio1	0.548326	1.503729	5.026176
MGYG000004633__gradient_L0_base_gapseq	1263	1434	374	bio1	0.652428	1.778272	6.900526
MGYG000004633__gradient_L1_inulin_gapseq	1263	1434	374	bio1	0.936482	1.747320	6.449509
MGYG000004633__gradient_L2_fos_gapseq	1263	1434	374	bio1	0.936482	1.523258	6.696566
MGYG000004633__gradient_L3_gos_gapseq	1263	1434	374	bio1	1.193879	1.482859	6.561925
MGYG000004633__gradient_L4_xos_gapseq	1263	1434	374	bio1	1.193879	1.673919	6.062024
MGYG000004633__gradient_L5_pectin_gapseq	1263	1434	374	bio1	1.193879	1.455800	6.117903
MGYG000004633__gradient_L6_resistant_starch_gapseq	1263	1434	374	bio1	1.782326	1.290030	5.088755
MGYG000004633__gradient_L7_bglucan_gapseq	1263	1434	374	bio1	1.782326	1.162924	4.346031
MGYG000004633__gradient_L8_hmo_gapseq	1263	1434	374	bio1	1.782326	1.149078	4.488167
MGYG000004633__gradient_L9_mos_gapseq	1263	1434	374	bio1	1.918285	1.062856	4.440077
MGYG000004637__gradient_L0_base_gapseq	1072	1117	255	bio1	0.043338	1.633962	3.992580
MGYG000004637__gradient_L1_inulin_gapseq	1072	1117	255	bio1	0.083928	1.172854	3.766768
MGYG000004637__gradient_L2_fos_gapseq	1072	1117	255	bio1	0.083928	1.388059	3.840273
MGYG000004637__gradient_L3_gos_gapseq	1072	1117	255	bio1	0.083928	1.155865	3.894723
MGYG000004637__gradient_L4_xos_gapseq	1072	1117	255	bio1	0.083928	1.424888	3.768819
MGYG000004637__gradient_L5_pectin_gapseq	1072	1117	255	bio1	0.083928	1.214766	3.756626
MGYG000004637__gradient_L6_resistant_starch_gapseq	1072	1117	255	bio1	0.083928	1.278037	3.661798
MGYG000004637__gradient_L7_bglucan_gapseq	1072	1117	255	bio1	0.083928	1.131440	3.533158
MGYG000004637__gradient_L8_hmo_gapseq	1072	1117	255	bio1	0.083928	1.145599	3.309844
MGYG000004637__gradient_L9_mos_gapseq	1072	1117	255	bio1	0.083928	0.926536	3.112311
MGYG000004739__gradient_L0_base_gapseq	1337	1596	360	bio1	0.000000	1.635896	0.091049
MGYG000004739__gradient_L1_inulin_gapseq	1337	1596	360	bio1	0.000000	1.758039	0.104785
MGYG000004739__gradient_L2_fos_gapseq	1337	1596	360	bio1	0.000000	1.623808	0.095870
MGYG000004739__gradient_L3_gos_gapseq	1337	1596	360	bio1	1.021458	1.722468	7.743094
MGYG000004739__gradient_L4_xos_gapseq	1337	1596	360	bio1	1.066025	1.864645	7.692020
MGYG000004739__gradient_L5_pectin_gapseq	1337	1596	360	bio1	1.066025	1.528978	7.500024
MGYG000004739__gradient_L6_resistant_starch_gapseq	1337	1596	360	bio1	1.421371	1.461806	6.529484
MGYG000004739__gradient_L7_bglucan_gapseq	1337	1596	360	bio1	1.537541	1.221632	5.104815
MGYG000004739__gradient_L8_hmo_gapseq	1337	1596	360	bio1	1.537541	1.248720	5.225210
MGYG000004739__gradient_L9_mos_gapseq	1337	1596	360	bio1	1.610432	1.251486	5.132165
MGYG000004797__gradient_L0_base_gapseq	1513	1809	564	bio1	0.958169	2.055611	9.677367
MGYG000004797__gradient_L1_inulin_gapseq	1513	1809	564	bio1	1.063569	2.003448	9.274188
MGYG000004797__gradient_L2_fos_gapseq	1513	1809	564	bio1	1.063569	1.881023	8.289946
MGYG000004797__gradient_L3_gos_gapseq	1513	1809	564	bio1	1.142619	1.570629	6.486147
MGYG000004797__gradient_L4_xos_gapseq	1513	1809	564	bio1	1.207296	1.414028	6.507813
MGYG000004797__gradient_L5_pectin_gapseq	1513	1809	564	bio1	1.240832	1.322879	6.436295
MGYG000004797__gradient_L6_resistant_starch_gapseq	1513	1809	564	bio1	1.722317	1.288446	6.383820
MGYG000004797__gradient_L7_bglucan_gapseq	1513	1809	564	bio1	1.887590	1.257978	6.243690
MGYG000004797__gradient_L8_hmo_gapseq	1513	1809	564	bio1	1.887590	1.247560	6.226850
MGYG000004797__gradient_L9_mos_gapseq	1513	1809	564	bio1	1.988179	1.259469	6.258472
MGYG000004855__gradient_L0_base_gapseq	1388	1630	484	bio1	0.000000	1.996180	0.086128
MGYG000004855__gradient_L1_inulin_gapseq	1388	1630	484	bio1	0.000000	1.754505	0.093499
MGYG000004855__gradient_L2_fos_gapseq	1388	1630	484	bio1	0.000000	1.894281	0.113927
MGYG000004855__gradient_L3_gos_gapseq	1388	1630	484	bio1	1.680999	1.820439	7.678779
MGYG000004855__gradient_L4_xos_gapseq	1388	1630	484	bio1	1.680999	1.687638	7.170956
MGYG000004855__gradient_L5_pectin_gapseq	1388	1630	484	bio1	1.680999	1.408348	5.688268
MGYG000004855__gradient_L6_resistant_starch_gapseq	1388	1630	484	bio1	2.409482	1.282129	5.447507
MGYG000004855__gradient_L7_bglucan_gapseq	1388	1630	484	bio1	2.653702	1.280316	5.307987
MGYG000004855__gradient_L8_hmo_gapseq	1388	1630	484	bio1	2.653702	1.288654	5.232563
MGYG000004855__gradient_L9_mos_gapseq	1388	1630	484	bio1	2.787292	1.231244	5.267708
