model_id	n_metabolites	n_reactions	n_genes	biomass_rxn	growth_rate	load_time_s	fba_time_s
MGYG000000030__gradient_L0_base_gapseq	1329	1501	372	R_EX_cpd11416_c0	-0.000000	0.015508	0.008509
MGYG000000030__gradient_L1_inulin_gapseq	1329	1501	372	R_EX_cpd11416_c0	-0.000000	0.015508	0.008828
MGYG000000030__gradient_L2_fos_gapseq	1329	1501	372	R_EX_cpd11416_c0	-0.000000	0.015508	0.008483
MGYG000000030__gradient_L3_gos_gapseq	1329	1501	372	R_EX_cpd11416_c0	0.864462	0.015508	0.021114
MGYG000000030__gradient_L4_xos_gapseq	1329	1501	372	R_EX_cpd11416_c0	0.864462	0.015508	0.021160
MGYG000000030__gradient_L5_pectin_gapseq	1329	1501	372	R_EX_cpd11416_c0	0.864462	0.015508	0.021144
MGYG000000030__gradient_L6_resistant_starch_gapseq	1329	1501	372	R_EX_cpd11416_c0	1.372079	0.015508	0.020911
MGYG000000030__gradient_L7_bglucan_gapseq	1329	1501	372	R_EX_cpd11416_c0	1.553976	0.015508	0.020855
MGYG000000030__gradient_L8_hmo_gapseq	1329	1501	372	R_EX_cpd11416_c0	1.553976	0.015508	0.020906
MGYG000000030__gradient_L9_mos_gapseq	1329	1501	372	R_EX_cpd11416_c0	1.553976	0.015508	0.020824
MGYG000000072__gradient_L0_base_gapseq	1263	1324	314	R_EX_cpd11416_c0	0.379587	0.013988	0.017166
MGYG000000072__gradient_L1_inulin_gapseq	1263	1324	314	R_EX_cpd11416_c0	0.534524	0.013988	0.016523
MGYG000000072__gradient_L2_fos_gapseq	1263	1324	314	R_EX_cpd11416_c0	0.534524	0.013988	0.016485
MGYG000000072__gradient_L3_gos_gapseq	1263	1324	314	R_EX_cpd11416_c0	0.836652	0.013988	0.016474
MGYG000000072__gradient_L4_xos_gapseq	1263	1324	314	R_EX_cpd11416_c0	0.836652	0.013988	0.016488
MGYG000000072__gradient_L5_pectin_gapseq	1263	1324	314	R_EX_cpd11416_c0	0.836652	0.013988	0.016442
MGYG000000072__gradient_L6_resistant_starch_gapseq	1263	1324	314	R_EX_cpd11416_c0	0.991590	0.013988	0.016656
MGYG000000072__gradient_L7_bglucan_gapseq	1263	1324	314	R_EX_cpd11416_c0	1.208192	0.013988	0.016911
MGYG000000072__gradient_L8_hmo_gapseq	1263	1324	314	R_EX_cpd11416_c0	1.208192	0.013988	0.016972
MGYG000000072__gradient_L9_mos_gapseq	1263	1324	314	R_EX_cpd11416_c0	1.208192	0.013988	0.017031
MGYG000000078__gradient_L0_base_gapseq	1345	1481	380	R_EX_cpd11416_c0	-0.000000	0.015051	0.007756
MGYG000000078__gradient_L1_inulin_gapseq	1345	1481	380	R_EX_cpd11416_c0	-0.000000	0.015051	0.007689
MGYG000000078__gradient_L2_fos_gapseq	1345	1481	380	R_EX_cpd11416_c0	-0.000000	0.015051	0.007658
MGYG000000078__gradient_L3_gos_gapseq	1345	1481	380	R_EX_cpd11416_c0	0.573378	0.015051	0.020495
MGYG000000078__gradient_L4_xos_gapseq	1345	1481	380	R_EX_cpd11416_c0	0.573378	0.015051	0.020489
MGYG000000078__gradient_L5_pectin_gapseq	1345	1481	380	R_EX_cpd11416_c0	0.573378	0.015051	0.020400
MGYG000000078__gradient_L6_resistant_starch_gapseq	1345	1481	380	R_EX_cpd11416_c0	1.001525	0.015051	0.020920
MGYG000000078__gradient_L7_bglucan_gapseq	1345	1481	380	R_EX_cpd11416_c0	1.001525	0.015051	0.020922
MGYG000000078__gradient_L8_hmo_gapseq	1345	1481	380	R_EX_cpd11416_c0	1.001525	0.015051	0.020939
MGYG000000078__gradient_L9_mos_gapseq	1345	1481	380	R_EX_cpd11416_c0	1.072117	0.015051	0.019802
MGYG000000088__gradient_L0_base_gapseq	1472	1756	398	R_EX_cpd11416_c0	0.656396	0.017216	0.027718
MGYG000000088__gradient_L1_inulin_gapseq	1472	1756	398	R_EX_cpd11416_c0	0.872200	0.017216	0.027711
MGYG000000088__gradient_L2_fos_gapseq	1472	1756	398	R_EX_cpd11416_c0	0.872200	0.017216	0.027661
MGYG000000088__gradient_L3_gos_gapseq	1472	1756	398	R_EX_cpd11416_c0	1.086342	0.017216	0.027152
MGYG000000088__gradient_L4_xos_gapseq	1472	1756	398	R_EX_cpd11416_c0	1.086342	0.017216	0.027124
MGYG000000088__gradient_L5_pectin_gapseq	1472	1756	398	R_EX_cpd11416_c0	1.086342	0.017216	0.027119
MGYG000000088__gradient_L6_resistant_starch_gapseq	1472	1756	398	R_EX_cpd11416_c0	1.538988	0.017216	0.028924
MGYG000000088__gradient_L7_bglucan_gapseq	1472	1756	398	R_EX_cpd11416_c0	1.538988	0.017216	0.028953
MGYG000000088__gradient_L8_hmo_gapseq	1472	1756	398	R_EX_cpd11416_c0	1.538988	0.017216	0.028911
MGYG000000088__gradient_L9_mos_gapseq	1472	1756	398	R_EX_cpd11416_c0	1.644974	0.017216	0.028738
MGYG000000128__gradient_L0_base_gapseq	1104	1181	270	R_EX_cpd11416_c0	0.205899	0.012816	0.014918
MGYG000000128__gradient_L1_inulin_gapseq	1104	1181	270	R_EX_cpd11416_c0	0.360524	0.012816	0.015112
MGYG000000128__gradient_L2_fos_gapseq	1104	1181	270	R_EX_cpd11416_c0	0.360524	0.012816	0.015059
MGYG000000128__gradient_L3_gos_gapseq	1104	1181	270	R_EX_cpd11416_c0	0.468684	0.012816	0.015051
MGYG000000128__gradient_L4_xos_gapseq	1104	1181	270	R_EX_cpd11416_c0	0.468684	0.012816	0.015061
MGYG000000128__gradient_L5_pectin_gapseq	1104	1181	270	R_EX_cpd11416_c0	0.468684	0.012816	0.015121
MGYG000000128__gradient_L6_resistant_starch_gapseq	1104	1181	270	R_EX_cpd11416_c0	0.612898	0.012816	0.015254
MGYG000000128__gradient_L7_bglucan_gapseq	1104	1181	270	R_EX_cpd11416_c0	0.612898	0.012816	0.015224
MGYG000000128__gradient_L8_hmo_gapseq	1104	1181	270	R_EX_cpd11416_c0	0.612898	0.012816	0.015160
MGYG000000128__gradient_L9_mos_gapseq	1104	1181	270	R_EX_cpd11416_c0	0.757111	0.012816	0.015633
MGYG000000175__gradient_L0_base_gapseq	1657	1946	670	R_EX_cpd11416_c0	-0.000000	0.020899	0.012483
MGYG000000175__gradient_L1_inulin_gapseq	1657	1946	670	R_EX_cpd11416_c0	-0.000000	0.020899	0.012979
MGYG000000175__gradient_L2_fos_gapseq	1657	1946	670	R_EX_cpd11416_c0	-0.000000	0.020899	0.013147
MGYG000000175__gradient_L3_gos_gapseq	1657	1946	670	R_EX_cpd11416_c0	-0.000000	0.020899	0.012504
MGYG000000175__gradient_L4_xos_gapseq	1657	1946	670	R_EX_cpd11416_c0	-0.000000	0.020899	0.012869
MGYG000000175__gradient_L5_pectin_gapseq	1657	1946	670	R_EX_cpd11416_c0	-0.000000	0.020899	0.012712
MGYG000000175__gradient_L6_resistant_starch_gapseq	1657	1946	670	R_EX_cpd11416_c0	-0.000000	0.020899	0.012893
MGYG000000175__gradient_L7_bglucan_gapseq	1657	1946	670	R_EX_cpd11416_c0	-0.000000	0.020899	0.012619
MGYG000000175__gradient_L8_hmo_gapseq	1657	1946	670	R_EX_cpd11416_c0	-0.000000	0.020899	0.012772
MGYG000000175__gradient_L9_mos_gapseq	1657	1946	670	R_EX_cpd11416_c0	-0.000000	0.020899	0.013117
MGYG000000176__gradient_L0_base_gapseq	1715	1994	811	R_EX_cpd11416_c0	1.530278	0.021849	0.033357
MGYG000000176__gradient_L1_inulin_gapseq	1715	1994	811	R_EX_cpd11416_c0	1.868850	0.021849	0.031914
MGYG000000176__gradient_L2_fos_gapseq	1715	1994	811	R_EX_cpd11416_c0	1.868850	0.021849	0.031997
MGYG000000176__gradient_L3_gos_gapseq	1715	1994	811	R_EX_cpd11416_c0	2.201375	0.021849	0.031582
MGYG000000176__gradient_L4_xos_gapseq	1715	1994	811	R_EX_cpd11416_c0	2.390106	0.021849	0.032560
MGYG000000176__gradient_L5_pectin_gapseq	1715	1994	811	R_EX_cpd11416_c0	2.390106	0.021849	0.032433
MGYG000000176__gradient_L6_resistant_starch_gapseq	1715	1994	811	R_EX_cpd11416_c0	3.095995	0.021849	0.032951
MGYG000000176__gradient_L7_bglucan_gapseq	1715	1994	811	R_EX_cpd11416_c0	3.324773	0.021849	0.034628
MGYG000000176__gradient_L8_hmo_gapseq	1715	1994	811	R_EX_cpd11416_c0	3.485113	0.021849	0.033474
MGYG000000176__gradient_L9_mos_gapseq	1715	1994	811	R_EX_cpd11416_c0	3.641543	0.021849	0.035699
MGYG000000193__gradient_L0_base_gapseq	1362	1585	429	R_EX_cpd11416_c0	0.674146	0.017324	0.025985
MGYG000000193__gradient_L1_inulin_gapseq	1362	1585	429	R_EX_cpd11416_c0	0.781567	0.017324	0.025228
MGYG000000193__gradient_L2_fos_gapseq	1362	1585	429	R_EX_cpd11416_c0	0.781567	0.017324	0.025557
MGYG000000193__gradient_L3_gos_gapseq	1362	1585	429	R_EX_cpd11416_c0	0.998189	0.017324	0.025330
MGYG000000193__gradient_L4_xos_gapseq	1362	1585	429	R_EX_cpd11416_c0	1.074554	0.017324	0.025496
MGYG000000193__gradient_L5_pectin_gapseq	1362	1585	429	R_EX_cpd11416_c0	1.074554	0.017324	0.025722
MGYG000000193__gradient_L6_resistant_starch_gapseq	1362	1585	429	R_EX_cpd11416_c0	1.524107	0.017324	0.025106
MGYG000000193__gradient_L7_bglucan_gapseq	1362	1585	429	R_EX_cpd11416_c0	1.675473	0.017324	0.025959
MGYG000000193__gradient_L8_hmo_gapseq	1362	1585	429	R_EX_cpd11416_c0	1.785475	0.017324	0.025336
MGYG000000193__gradient_L9_mos_gapseq	1362	1585	429	R_EX_cpd11416_c0	1.854567	0.017324	0.025700
MGYG000000257__gradient_L0_base_gapseq	1165	1318	333	R_EX_cpd11416_c0	0.749695	0.014096	0.018687
MGYG000000257__gradient_L1_inulin_gapseq	1165	1318	333	R_EX_cpd11416_c0	1.040528	0.014096	0.018129
MGYG000000257__gradient_L2_fos_gapseq	1165	1318	333	R_EX_cpd11416_c0	1.040528	0.014096	0.018159
MGYG000000257__gradient_L3_gos_gapseq	1165	1318	333	R_EX_cpd11416_c0	1.335906	0.014096	0.019127
MGYG000000257__gradient_L4_xos_gapseq	1165	1318	333	R_EX_cpd11416_c0	1.335906	0.014096	0.019406
MGYG000000257__gradient_L5_pectin_gapseq	1165	1318	333	R_EX_cpd11416_c0	1.335906	0.014096	0.019105
MGYG000000257__gradient_L6_resistant_starch_gapseq	1165	1318	333	R_EX_cpd11416_c0	1.955753	0.014096	0.019343
MGYG000000257__gradient_L7_bglucan_gapseq	1165	1318	333	R_EX_cpd11416_c0	1.955753	0.014096	0.019956
MGYG000000257__gradient_L8_hmo_gapseq	1165	1318	333	R_EX_cpd11416_c0	1.955753	0.014096	0.019211
MGYG000000257__gradient_L9_mos_gapseq	1165	1318	333	R_EX_cpd11416_c0	2.098967	0.014096	0.019380
MGYG000000275__gradient_L0_base_gapseq	1167	1277	331	R_EX_cpd11416_c0	0.759900	0.013631	0.018398
MGYG000000275__gradient_L1_inulin_gapseq	1167	1277	331	R_EX_cpd11416_c0	0.907724	0.013631	0.017180
MGYG000000275__gradient_L2_fos_gapseq	1167	1277	331	R_EX_cpd11416_c0	0.907724	0.013631	0.017032
MGYG000000275__gradient_L3_gos_gapseq	1167	1277	331	R_EX_cpd11416_c0	1.204792	0.013631	0.018106
MGYG000000275__gradient_L4_xos_gapseq	1167	1277	331	R_EX_cpd11416_c0	1.204792	0.013631	0.017968
MGYG000000275__gradient_L5_pectin_gapseq	1167	1277	331	R_EX_cpd11416_c0	1.204792	0.013631	0.017893
MGYG000000275__gradient_L6_resistant_starch_gapseq	1167	1277	331	R_EX_cpd11416_c0	1.821669	0.013631	0.018118
MGYG000000275__gradient_L7_bglucan_gapseq	1167	1277	331	R_EX_cpd11416_c0	1.821669	0.013631	0.018224
MGYG000000275__gradient_L8_hmo_gapseq	1167	1277	331	R_EX_cpd11416_c0	1.821669	0.013631	0.018243
MGYG000000275__gradient_L9_mos_gapseq	1167	1277	331	R_EX_cpd11416_c0	1.964196	0.013631	0.018159
MGYG000000363__gradient_L0_base_gapseq	1240	1313	222	R_EX_cpd11416_c0	-0.000000	0.013695	0.007427
MGYG000000363__gradient_L1_inulin_gapseq	1240	1313	222	R_EX_cpd11416_c0	-0.000000	0.013695	0.007486
MGYG000000363__gradient_L2_fos_gapseq	1240	1313	222	R_EX_cpd11416_c0	-0.000000	0.013695	0.007146
MGYG000000363__gradient_L3_gos_gapseq	1240	1313	222	R_EX_cpd11416_c0	0.352164	0.013695	0.019310
MGYG000000363__gradient_L4_xos_gapseq	1240	1313	222	R_EX_cpd11416_c0	0.352164	0.013695	0.018553
MGYG000000363__gradient_L5_pectin_gapseq	1240	1313	222	R_EX_cpd11416_c0	0.352164	0.013695	0.018662
MGYG000000363__gradient_L6_resistant_starch_gapseq	1240	1313	222	R_EX_cpd11416_c0	0.730044	0.013695	0.018312
MGYG000000363__gradient_L7_bglucan_gapseq	1240	1313	222	R_EX_cpd11416_c0	0.730044	0.013695	0.018344
MGYG000000363__gradient_L8_hmo_gapseq	1240	1313	222	R_EX_cpd11416_c0	0.730044	0.013695	0.018399
MGYG000000363__gradient_L9_mos_gapseq	1240	1313	222	R_EX_cpd11416_c0	0.771174	0.013695	0.018555
MGYG000000489__gradient_L0_base_gapseq	1372	1592	405	R_EX_cpd11416_c0	0.250295	0.016104	0.024849
MGYG000000489__gradient_L1_inulin_gapseq	1372	1592	405	R_EX_cpd11416_c0	0.520901	0.016104	0.023877
MGYG000000489__gradient_L2_fos_gapseq	1372	1592	405	R_EX_cpd11416_c0	0.520901	0.016104	0.023831
MGYG000000489__gradient_L3_gos_gapseq	1372	1592	405	R_EX_cpd11416_c0	0.765237	0.016104	0.024860
MGYG000000489__gradient_L4_xos_gapseq	1372	1592	405	R_EX_cpd11416_c0	0.884468	0.016104	0.023599
MGYG000000489__gradient_L5_pectin_gapseq	1372	1592	405	R_EX_cpd11416_c0	0.884468	0.016104	0.023558
MGYG000000489__gradient_L6_resistant_starch_gapseq	1372	1592	405	R_EX_cpd11416_c0	1.368966	0.016104	0.024067
MGYG000000489__gradient_L7_bglucan_gapseq	1372	1592	405	R_EX_cpd11416_c0	1.543043	0.016104	0.024472
MGYG000000489__gradient_L8_hmo_gapseq	1372	1592	405	R_EX_cpd11416_c0	1.543043	0.016104	0.024489
MGYG000000489__gradient_L9_mos_gapseq	1372	1592	405	R_EX_cpd11416_c0	1.543043	0.016104	0.024368
MGYG000000542__gradient_L0_base_gapseq	1207	1284	224	R_EX_cpd11416_c0	-0.000000	0.013782	0.006568
MGYG000000542__gradient_L1_inulin_gapseq	1207	1284	224	R_EX_cpd11416_c0	-0.000000	0.013782	0.006833
MGYG000000542__gradient_L2_fos_gapseq	1207	1284	224	R_EX_cpd11416_c0	-0.000000	0.013782	0.006791
MGYG000000542__gradient_L3_gos_gapseq	1207	1284	224	R_EX_cpd11416_c0	0.845900	0.013782	0.017508
MGYG000000542__gradient_L4_xos_gapseq	1207	1284	224	R_EX_cpd11416_c0	0.845900	0.013782	0.017723
MGYG000000542__gradient_L5_pectin_gapseq	1207	1284	224	R_EX_cpd11416_c0	0.845900	0.013782	0.017550
MGYG000000542__gradient_L6_resistant_starch_gapseq	1207	1284	224	R_EX_cpd11416_c0	1.448123	0.013782	0.018291
MGYG000000542__gradient_L7_bglucan_gapseq	1207	1284	224	R_EX_cpd11416_c0	1.448123	0.013782	0.018531
MGYG000000542__gradient_L8_hmo_gapseq	1207	1284	224	R_EX_cpd11416_c0	1.448123	0.013782	0.018624
MGYG000000542__gradient_L9_mos_gapseq	1207	1284	224	R_EX_cpd11416_c0	1.557188	0.013782	0.019059
MGYG000000582__gradient_L0_base_gapseq	1343	1603	386	R_EX_cpd11416_c0	0.776199	0.017155	0.024759
MGYG000000582__gradient_L1_inulin_gapseq	1343	1603	386	R_EX_cpd11416_c0	0.999233	0.017155	0.025075
MGYG000000582__gradient_L2_fos_gapseq	1343	1603	386	R_EX_cpd11416_c0	0.999233	0.017155	0.024886
MGYG000000582__gradient_L3_gos_gapseq	1343	1603	386	R_EX_cpd11416_c0	1.239877	0.017155	0.024362
MGYG000000582__gradient_L4_xos_gapseq	1343	1603	386	R_EX_cpd11416_c0	1.281130	0.017155	0.025105
MGYG000000582__gradient_L5_pectin_gapseq	1343	1603	386	R_EX_cpd11416_c0	1.281130	0.017155	0.024730
MGYG000000582__gradient_L6_resistant_starch_gapseq	1343	1603	386	R_EX_cpd11416_c0	1.778459	0.017155	0.024760
MGYG000000582__gradient_L7_bglucan_gapseq	1343	1603	386	R_EX_cpd11416_c0	1.778459	0.017155	0.024701
MGYG000000582__gradient_L8_hmo_gapseq	1343	1603	386	R_EX_cpd11416_c0	1.778459	0.017155	0.024576
MGYG000000582__gradient_L9_mos_gapseq	1343	1603	386	R_EX_cpd11416_c0	1.888468	0.017155	0.024531
MGYG000000606__gradient_L0_base_gapseq	1219	1363	333	R_EX_cpd11416_c0	0.740023	0.014277	0.017362
MGYG000000606__gradient_L1_inulin_gapseq	1219	1363	333	R_EX_cpd11416_c0	0.847133	0.014277	0.017913
MGYG000000606__gradient_L2_fos_gapseq	1219	1363	333	R_EX_cpd11416_c0	0.847133	0.014277	0.017894
MGYG000000606__gradient_L3_gos_gapseq	1219	1363	333	R_EX_cpd11416_c0	0.927466	0.014277	0.017852
MGYG000000606__gradient_L4_xos_gapseq	1219	1363	333	R_EX_cpd11416_c0	0.927466	0.014277	0.017887
MGYG000000606__gradient_L5_pectin_gapseq	1219	1363	333	R_EX_cpd11416_c0	0.927466	0.014277	0.017880
MGYG000000606__gradient_L6_resistant_starch_gapseq	1219	1363	333	R_EX_cpd11416_c0	1.146465	0.014277	0.017885
MGYG000000606__gradient_L7_bglucan_gapseq	1219	1363	333	R_EX_cpd11416_c0	1.146465	0.014277	0.017828
MGYG000000606__gradient_L8_hmo_gapseq	1219	1363	333	R_EX_cpd11416_c0	1.146465	0.014277	0.017796
MGYG000000606__gradient_L9_mos_gapseq	1219	1363	333	R_EX_cpd11416_c0	1.219092	0.014277	0.018080
MGYG000000620__gradient_L0_base_gapseq	1140	1281	342	R_EX_cpd11416_c0	0.601525	0.013074	0.017208
MGYG000000620__gradient_L1_inulin_gapseq	1140	1281	342	R_EX_cpd11416_c0	0.714313	0.013074	0.017202
MGYG000000620__gradient_L2_fos_gapseq	1140	1281	342	R_EX_cpd11416_c0	0.714313	0.013074	0.017296
MGYG000000620__gradient_L3_gos_gapseq	1140	1281	342	R_EX_cpd11416_c0	0.932839	0.013074	0.017952
MGYG000000620__gradient_L4_xos_gapseq	1140	1281	342	R_EX_cpd11416_c0	0.932839	0.013074	0.018037
MGYG000000620__gradient_L5_pectin_gapseq	1140	1281	342	R_EX_cpd11416_c0	0.932839	0.013074	0.018231
MGYG000000620__gradient_L6_resistant_starch_gapseq	1140	1281	342	R_EX_cpd11416_c0	1.043760	0.013074	0.017513
MGYG000000620__gradient_L7_bglucan_gapseq	1140	1281	342	R_EX_cpd11416_c0	1.043760	0.013074	0.017463
MGYG000000620__gradient_L8_hmo_gapseq	1140	1281	342	R_EX_cpd11416_c0	1.043760	0.013074	0.017477
MGYG000000620__gradient_L9_mos_gapseq	1140	1281	342	R_EX_cpd11416_c0	1.152439	0.013074	0.017367
MGYG000000623__gradient_L0_base_gapseq	1350	1551	450	R_EX_cpd11416_c0	0.323235	0.015853	0.023568
MGYG000000623__gradient_L1_inulin_gapseq	1350	1551	450	R_EX_cpd11416_c0	0.495632	0.015853	0.024422
MGYG000000623__gradient_L2_fos_gapseq	1350	1551	450	R_EX_cpd11416_c0	0.495632	0.015853	0.024989
MGYG000000623__gradient_L3_gos_gapseq	1350	1551	450	R_EX_cpd11416_c0	0.793849	0.015853	0.023200
MGYG000000623__gradient_L4_xos_gapseq	1350	1551	450	R_EX_cpd11416_c0	0.827487	0.015853	0.025972
MGYG000000623__gradient_L5_pectin_gapseq	1350	1551	450	R_EX_cpd11416_c0	0.827487	0.015853	0.024404
MGYG000000623__gradient_L6_resistant_starch_gapseq	1350	1551	450	R_EX_cpd11416_c0	1.395498	0.015853	0.024536
MGYG000000623__gradient_L7_bglucan_gapseq	1350	1551	450	R_EX_cpd11416_c0	1.593337	0.015853	0.025211
MGYG000000623__gradient_L8_hmo_gapseq	1350	1551	450	R_EX_cpd11416_c0	1.733739	0.015853	0.025231
MGYG000000623__gradient_L9_mos_gapseq	1350	1551	450	R_EX_cpd11416_c0	1.733739	0.015853	0.025384
MGYG000000659__gradient_L0_base_gapseq	887	934	183	R_EX_cpd11416_c0	-0.000000	0.009666	0.004749
MGYG000000659__gradient_L1_inulin_gapseq	887	934	183	R_EX_cpd11416_c0	-0.000000	0.009666	0.004869
MGYG000000659__gradient_L2_fos_gapseq	887	934	183	R_EX_cpd11416_c0	-0.000000	0.009666	0.004734
MGYG000000659__gradient_L3_gos_gapseq	887	934	183	R_EX_cpd11416_c0	-0.000000	0.009666	0.004746
MGYG000000659__gradient_L4_xos_gapseq	887	934	183	R_EX_cpd11416_c0	-0.000000	0.009666	0.004927
MGYG000000659__gradient_L5_pectin_gapseq	887	934	183	R_EX_cpd11416_c0	-0.000000	0.009666	0.004799
MGYG000000659__gradient_L6_resistant_starch_gapseq	887	934	183	R_EX_cpd11416_c0	-0.000000	0.009666	0.004978
MGYG000000659__gradient_L7_bglucan_gapseq	887	934	183	R_EX_cpd11416_c0	-0.000000	0.009666	0.005043
MGYG000000659__gradient_L8_hmo_gapseq	887	934	183	R_EX_cpd11416_c0	-0.000000	0.009666	0.004936
MGYG000000659__gradient_L9_mos_gapseq	887	934	183	R_EX_cpd11416_c0	-0.000000	0.009666	0.005076
MGYG000000660__gradient_L0_base_gapseq	1047	1167	278	R_EX_cpd11416_c0	0.526725	0.013149	0.016095
MGYG000000660__gradient_L1_inulin_gapseq	1047	1167	278	R_EX_cpd11416_c0	0.756574	0.013149	0.015749
MGYG000000660__gradient_L2_fos_gapseq	1047	1167	278	R_EX_cpd11416_c0	0.756574	0.013149	0.015781
MGYG000000660__gradient_L3_gos_gapseq	1047	1167	278	R_EX_cpd11416_c0	0.986422	0.013149	0.016844
MGYG000000660__gradient_L4_xos_gapseq	1047	1167	278	R_EX_cpd11416_c0	0.986422	0.013149	0.016666
MGYG000000660__gradient_L5_pectin_gapseq	1047	1167	278	R_EX_cpd11416_c0	0.986422	0.013149	0.016749
MGYG000000660__gradient_L6_resistant_starch_gapseq	1047	1167	278	R_EX_cpd11416_c0	1.463684	0.013149	0.016184
MGYG000000660__gradient_L7_bglucan_gapseq	1047	1167	278	R_EX_cpd11416_c0	1.463684	0.013149	0.016188
MGYG000000660__gradient_L8_hmo_gapseq	1047	1167	278	R_EX_cpd11416_c0	1.463684	0.013149	0.016036
MGYG000000660__gradient_L9_mos_gapseq	1047	1167	278	R_EX_cpd11416_c0	1.575381	0.013149	0.015829
MGYG000000676__gradient_L0_base_gapseq	1051	1154	253	R_EX_cpd11416_c0	0.275536	0.012808	0.016713
MGYG000000676__gradient_L1_inulin_gapseq	1051	1154	253	R_EX_cpd11416_c0	0.458568	0.012808	0.023423
MGYG000000676__gradient_L2_fos_gapseq	1051	1154	253	R_EX_cpd11416_c0	0.458568	0.012808	0.017244
MGYG000000676__gradient_L3_gos_gapseq	1051	1154	253	R_EX_cpd11416_c0	0.789995	0.012808	0.017238
MGYG000000676__gradient_L4_xos_gapseq	1051	1154	253	R_EX_cpd11416_c0	0.888293	0.012808	0.016901
MGYG000000676__gradient_L5_pectin_gapseq	1051	1154	253	R_EX_cpd11416_c0	0.888293	0.012808	0.016785
MGYG000000676__gradient_L6_resistant_starch_gapseq	1051	1154	253	R_EX_cpd11416_c0	1.604626	0.012808	0.017148
MGYG000000676__gradient_L7_bglucan_gapseq	1051	1154	253	R_EX_cpd11416_c0	1.853830	0.012808	0.017251
MGYG000000676__gradient_L8_hmo_gapseq	1051	1154	253	R_EX_cpd11416_c0	1.853830	0.012808	0.017253
MGYG000000676__gradient_L9_mos_gapseq	1051	1154	253	R_EX_cpd11416_c0	1.983498	0.012808	0.017555
MGYG000000683__gradient_L0_base_gapseq	1172	1264	246	R_EX_cpd11416_c0	0.380654	0.013576	0.018437
MGYG000000683__gradient_L1_inulin_gapseq	1172	1264	246	R_EX_cpd11416_c0	0.523962	0.013576	0.018730
MGYG000000683__gradient_L2_fos_gapseq	1172	1264	246	R_EX_cpd11416_c0	0.523962	0.013576	0.018429
MGYG000000683__gradient_L3_gos_gapseq	1172	1264	246	R_EX_cpd11416_c0	0.523962	0.013576	0.018579
MGYG000000683__gradient_L4_xos_gapseq	1172	1264	246	R_EX_cpd11416_c0	0.523962	0.013576	0.018824
MGYG000000683__gradient_L5_pectin_gapseq	1172	1264	246	R_EX_cpd11416_c0	0.523962	0.013576	0.018551
MGYG000000683__gradient_L6_resistant_starch_gapseq	1172	1264	246	R_EX_cpd11416_c0	1.175564	0.013576	0.018550
MGYG000000683__gradient_L7_bglucan_gapseq	1172	1264	246	R_EX_cpd11416_c0	1.175564	0.013576	0.018564
MGYG000000683__gradient_L8_hmo_gapseq	1172	1264	246	R_EX_cpd11416_c0	1.175564	0.013576	0.018631
MGYG000000683__gradient_L9_mos_gapseq	1172	1264	246	R_EX_cpd11416_c0	1.175564	0.013576	0.018561
MGYG000000773__gradient_L0_base_gapseq	1055	1164	265	R_EX_cpd11416_c0	-0.000000	0.012977	0.006384
MGYG000000773__gradient_L1_inulin_gapseq	1055	1164	265	R_EX_cpd11416_c0	-0.000000	0.012977	0.007010
MGYG000000773__gradient_L2_fos_gapseq	1055	1164	265	R_EX_cpd11416_c0	-0.000000	0.012977	0.007024
MGYG000000773__gradient_L3_gos_gapseq	1055	1164	265	R_EX_cpd11416_c0	-0.000000	0.012977	0.007031
MGYG000000773__gradient_L4_xos_gapseq	1055	1164	265	R_EX_cpd11416_c0	-0.000000	0.012977	0.007143
MGYG000000773__gradient_L5_pectin_gapseq	1055	1164	265	R_EX_cpd11416_c0	-0.000000	0.012977	0.007104
MGYG000000773__gradient_L6_resistant_starch_gapseq	1055	1164	265	R_EX_cpd11416_c0	-0.000000	0.012977	0.006964
MGYG000000773__gradient_L7_bglucan_gapseq	1055	1164	265	R_EX_cpd11416_c0	-0.000000	0.012977	0.006931
MGYG000000773__gradient_L8_hmo_gapseq	1055	1164	265	R_EX_cpd11416_c0	-0.000000	0.012977	0.006912
MGYG000000773__gradient_L9_mos_gapseq	1055	1164	265	R_EX_cpd11416_c0	-0.000000	0.012977	0.007407
MGYG000000782__gradient_L0_base_gapseq	1287	1390	338	R_EX_cpd11416_c0	0.383244	0.014879	0.023826
MGYG000000782__gradient_L1_inulin_gapseq	1287	1390	338	R_EX_cpd11416_c0	0.537379	0.014879	0.023484
MGYG000000782__gradient_L2_fos_gapseq	1287	1390	338	R_EX_cpd11416_c0	0.537379	0.014879	0.023025
MGYG000000782__gradient_L3_gos_gapseq	1287	1390	338	R_EX_cpd11416_c0	0.537379	0.014879	0.023612
MGYG000000782__gradient_L4_xos_gapseq	1287	1390	338	R_EX_cpd11416_c0	0.599385	0.014879	0.022626
MGYG000000782__gradient_L5_pectin_gapseq	1287	1390	338	R_EX_cpd11416_c0	0.599385	0.014879	0.022658
MGYG000000782__gradient_L6_resistant_starch_gapseq	1287	1390	338	R_EX_cpd11416_c0	0.714540	0.014879	0.022915
MGYG000000782__gradient_L7_bglucan_gapseq	1287	1390	338	R_EX_cpd11416_c0	0.714540	0.014879	0.022878
MGYG000000782__gradient_L8_hmo_gapseq	1287	1390	338	R_EX_cpd11416_c0	0.714540	0.014879	0.022972
MGYG000000782__gradient_L9_mos_gapseq	1287	1390	338	R_EX_cpd11416_c0	0.714540	0.014879	0.023457
MGYG000000870__gradient_L0_base_gapseq	1285	1439	369	R_EX_cpd11416_c0	-0.000000	0.016102	0.009990
MGYG000000870__gradient_L1_inulin_gapseq	1285	1439	369	R_EX_cpd11416_c0	-0.000000	0.016102	0.009715
MGYG000000870__gradient_L2_fos_gapseq	1285	1439	369	R_EX_cpd11416_c0	-0.000000	0.016102	0.009814
MGYG000000870__gradient_L3_gos_gapseq	1285	1439	369	R_EX_cpd11416_c0	0.705950	0.016102	0.024421
MGYG000000870__gradient_L4_xos_gapseq	1285	1439	369	R_EX_cpd11416_c0	0.850373	0.016102	0.024094
MGYG000000870__gradient_L5_pectin_gapseq	1285	1439	369	R_EX_cpd11416_c0	0.850373	0.016102	0.023675
MGYG000000870__gradient_L6_resistant_starch_gapseq	1285	1439	369	R_EX_cpd11416_c0	1.132307	0.016102	0.023948
MGYG000000870__gradient_L7_bglucan_gapseq	1285	1439	369	R_EX_cpd11416_c0	1.132307	0.016102	0.025409
MGYG000000870__gradient_L8_hmo_gapseq	1285	1439	369	R_EX_cpd11416_c0	1.132307	0.016102	0.024891
MGYG000000870__gradient_L9_mos_gapseq	1285	1439	369	R_EX_cpd11416_c0	1.233161	0.016102	0.023246
MGYG000000872__gradient_L0_base_gapseq	1216	1377	314	R_EX_cpd11416_c0	-0.000000	0.014303	0.007899
MGYG000000872__gradient_L1_inulin_gapseq	1216	1377	314	R_EX_cpd11416_c0	-0.000000	0.014303	0.007788
MGYG000000872__gradient_L2_fos_gapseq	1216	1377	314	R_EX_cpd11416_c0	-0.000000	0.014303	0.007740
MGYG000000872__gradient_L3_gos_gapseq	1216	1377	314	R_EX_cpd11416_c0	-0.000000	0.014303	0.008076
MGYG000000872__gradient_L4_xos_gapseq	1216	1377	314	R_EX_cpd11416_c0	0.680846	0.014303	0.018226
MGYG000000872__gradient_L5_pectin_gapseq	1216	1377	314	R_EX_cpd11416_c0	0.680846	0.014303	0.018047
MGYG000000872__gradient_L6_resistant_starch_gapseq	1216	1377	314	R_EX_cpd11416_c0	0.988084	0.014303	0.019082
MGYG000000872__gradient_L7_bglucan_gapseq	1216	1377	314	R_EX_cpd11416_c0	0.988084	0.014303	0.019004
MGYG000000872__gradient_L8_hmo_gapseq	1216	1377	314	R_EX_cpd11416_c0	0.988084	0.014303	0.019111
MGYG000000872__gradient_L9_mos_gapseq	1216	1377	314	R_EX_cpd11416_c0	1.108288	0.014303	0.019330
MGYG000000919__gradient_L0_base_gapseq	1469	1720	566	R_EX_cpd11416_c0	1.266837	0.017950	0.027089
MGYG000000919__gradient_L1_inulin_gapseq	1469	1720	566	R_EX_cpd11416_c0	1.606171	0.017950	0.027844
MGYG000000919__gradient_L2_fos_gapseq	1469	1720	566	R_EX_cpd11416_c0	1.606171	0.017950	0.028051
MGYG000000919__gradient_L3_gos_gapseq	1469	1720	566	R_EX_cpd11416_c0	1.937022	0.017950	0.029098
MGYG000000919__gradient_L4_xos_gapseq	1469	1720	566	R_EX_cpd11416_c0	2.098205	0.017950	0.029387
MGYG000000919__gradient_L5_pectin_gapseq	1469	1720	566	R_EX_cpd11416_c0	2.098205	0.017950	0.029701
MGYG000000919__gradient_L6_resistant_starch_gapseq	1469	1720	566	R_EX_cpd11416_c0	2.838378	0.017950	0.029295
MGYG000000919__gradient_L7_bglucan_gapseq	1469	1720	566	R_EX_cpd11416_c0	3.086516	0.017950	0.030673
MGYG000000919__gradient_L8_hmo_gapseq	1469	1720	566	R_EX_cpd11416_c0	3.260424	0.017950	0.031311
MGYG000000919__gradient_L9_mos_gapseq	1469	1720	566	R_EX_cpd11416_c0	3.430091	0.017950	0.029649
MGYG000000920__gradient_L0_base_gapseq	1273	1434	348	R_EX_cpd11416_c0	-0.000000	0.015637	0.008145
MGYG000000920__gradient_L1_inulin_gapseq	1273	1434	348	R_EX_cpd11416_c0	0.945583	0.015637	0.022086
MGYG000000920__gradient_L2_fos_gapseq	1273	1434	348	R_EX_cpd11416_c0	0.945583	0.015637	0.021998
MGYG000000920__gradient_L3_gos_gapseq	1273	1434	348	R_EX_cpd11416_c0	1.162585	0.015637	0.021720
MGYG000000920__gradient_L4_xos_gapseq	1273	1434	348	R_EX_cpd11416_c0	1.216520	0.015637	0.021250
MGYG000000920__gradient_L5_pectin_gapseq	1273	1434	348	R_EX_cpd11416_c0	1.216520	0.015637	0.021201
MGYG000000920__gradient_L6_resistant_starch_gapseq	1273	1434	348	R_EX_cpd11416_c0	1.731148	0.015637	0.021273
MGYG000000920__gradient_L7_bglucan_gapseq	1273	1434	348	R_EX_cpd11416_c0	1.904189	0.015637	0.021815
MGYG000000920__gradient_L8_hmo_gapseq	1273	1434	348	R_EX_cpd11416_c0	2.034532	0.015637	0.022132
MGYG000000920__gradient_L9_mos_gapseq	1273	1434	348	R_EX_cpd11416_c0	2.154387	0.015637	0.021722
MGYG000000952__gradient_L0_base_gapseq	981	977	158	R_EX_cpd11416_c0	-0.000000	0.011213	0.004634
MGYG000000952__gradient_L1_inulin_gapseq	981	977	158	R_EX_cpd11416_c0	-0.000000	0.011213	0.004888
MGYG000000952__gradient_L2_fos_gapseq	981	977	158	R_EX_cpd11416_c0	-0.000000	0.011213	0.004860
MGYG000000952__gradient_L3_gos_gapseq	981	977	158	R_EX_cpd11416_c0	-0.000000	0.011213	0.004947
MGYG000000952__gradient_L4_xos_gapseq	981	977	158	R_EX_cpd11416_c0	-0.000000	0.011213	0.004871
MGYG000000952__gradient_L5_pectin_gapseq	981	977	158	R_EX_cpd11416_c0	-0.000000	0.011213	0.004879
MGYG000000952__gradient_L6_resistant_starch_gapseq	981	977	158	R_EX_cpd11416_c0	-0.000000	0.011213	0.005066
MGYG000000952__gradient_L7_bglucan_gapseq	981	977	158	R_EX_cpd11416_c0	-0.000000	0.011213	0.005092
MGYG000000952__gradient_L8_hmo_gapseq	981	977	158	R_EX_cpd11416_c0	-0.000000	0.011213	0.005264
MGYG000000952__gradient_L9_mos_gapseq	981	977	158	R_EX_cpd11416_c0	-0.000000	0.011213	0.005201
MGYG000001141__gradient_L0_base_gapseq	1304	1471	371	R_EX_cpd11416_c0	-0.000000	0.015992	0.008768
MGYG000001141__gradient_L1_inulin_gapseq	1304	1471	371	R_EX_cpd11416_c0	-0.000000	0.015992	0.008844
MGYG000001141__gradient_L2_fos_gapseq	1304	1471	371	R_EX_cpd11416_c0	-0.000000	0.015992	0.008903
MGYG000001141__gradient_L3_gos_gapseq	1304	1471	371	R_EX_cpd11416_c0	0.682508	0.015992	0.021866
MGYG000001141__gradient_L4_xos_gapseq	1304	1471	371	R_EX_cpd11416_c0	0.721245	0.015992	0.022217
MGYG000001141__gradient_L5_pectin_gapseq	1304	1471	371	R_EX_cpd11416_c0	0.721245	0.015992	0.022816
MGYG000001141__gradient_L6_resistant_starch_gapseq	1304	1471	371	R_EX_cpd11416_c0	1.136795	0.015992	0.021938
MGYG000001141__gradient_L7_bglucan_gapseq	1304	1471	371	R_EX_cpd11416_c0	1.283019	0.015992	0.021809
MGYG000001141__gradient_L8_hmo_gapseq	1304	1471	371	R_EX_cpd11416_c0	1.283019	0.015992	0.021498
MGYG000001141__gradient_L9_mos_gapseq	1304	1471	371	R_EX_cpd11416_c0	1.350781	0.015992	0.020720
MGYG000001179__gradient_L0_base_gapseq	1173	1297	313	R_EX_cpd11416_c0	0.497193	0.013134	0.016425
MGYG000001179__gradient_L1_inulin_gapseq	1173	1297	313	R_EX_cpd11416_c0	0.720238	0.013134	0.017678
MGYG000001179__gradient_L2_fos_gapseq	1173	1297	313	R_EX_cpd11416_c0	0.720238	0.013134	0.017514
MGYG000001179__gradient_L3_gos_gapseq	1173	1297	313	R_EX_cpd11416_c0	0.957044	0.013134	0.016865
MGYG000001179__gradient_L4_xos_gapseq	1173	1297	313	R_EX_cpd11416_c0	0.957044	0.013134	0.016761
MGYG000001179__gradient_L5_pectin_gapseq	1173	1297	313	R_EX_cpd11416_c0	0.957044	0.013134	0.016801
MGYG000001179__gradient_L6_resistant_starch_gapseq	1173	1297	313	R_EX_cpd11416_c0	1.436098	0.013134	0.017098
MGYG000001179__gradient_L7_bglucan_gapseq	1173	1297	313	R_EX_cpd11416_c0	1.436098	0.013134	0.017103
MGYG000001179__gradient_L8_hmo_gapseq	1173	1297	313	R_EX_cpd11416_c0	1.436098	0.013134	0.017275
MGYG000001179__gradient_L9_mos_gapseq	1173	1297	313	R_EX_cpd11416_c0	1.548184	0.013134	0.017241
MGYG000001203__gradient_L0_base_gapseq	1170	1256	300	R_EX_cpd11416_c0	0.688415	0.014059	0.017929
MGYG000001203__gradient_L1_inulin_gapseq	1170	1256	300	R_EX_cpd11416_c0	0.971885	0.014059	0.017446
MGYG000001203__gradient_L2_fos_gapseq	1170	1256	300	R_EX_cpd11416_c0	0.971885	0.014059	0.017046
MGYG000001203__gradient_L3_gos_gapseq	1170	1256	300	R_EX_cpd11416_c0	0.971885	0.014059	0.016934
MGYG000001203__gradient_L4_xos_gapseq	1170	1256	300	R_EX_cpd11416_c0	0.971885	0.014059	0.016965
MGYG000001203__gradient_L5_pectin_gapseq	1170	1256	300	R_EX_cpd11416_c0	0.971885	0.014059	0.016736
MGYG000001203__gradient_L6_resistant_starch_gapseq	1170	1256	300	R_EX_cpd11416_c0	1.584388	0.014059	0.016618
MGYG000001203__gradient_L7_bglucan_gapseq	1170	1256	300	R_EX_cpd11416_c0	1.584388	0.014059	0.016122
MGYG000001203__gradient_L8_hmo_gapseq	1170	1256	300	R_EX_cpd11416_c0	1.584388	0.014059	0.015997
MGYG000001203__gradient_L9_mos_gapseq	1170	1256	300	R_EX_cpd11416_c0	1.725813	0.014059	0.016552
MGYG000001316__gradient_L0_base_gapseq	1555	1814	469	R_EX_cpd11416_c0	1.098916	0.019137	0.028678
MGYG000001316__gradient_L1_inulin_gapseq	1555	1814	469	R_EX_cpd11416_c0	1.353116	0.019137	0.030574
MGYG000001316__gradient_L2_fos_gapseq	1555	1814	469	R_EX_cpd11416_c0	1.353116	0.019137	0.030536
MGYG000001316__gradient_L3_gos_gapseq	1555	1814	469	R_EX_cpd11416_c0	1.628826	0.019137	0.029586
MGYG000001316__gradient_L4_xos_gapseq	1555	1814	469	R_EX_cpd11416_c0	1.785712	0.019137	0.032016
MGYG000001316__gradient_L5_pectin_gapseq	1555	1814	469	R_EX_cpd11416_c0	1.832704	0.019137	0.030602
MGYG000001316__gradient_L6_resistant_starch_gapseq	1555	1814	469	R_EX_cpd11416_c0	2.276100	0.019137	0.032036
MGYG000001316__gradient_L7_bglucan_gapseq	1555	1814	469	R_EX_cpd11416_c0	2.276100	0.019137	0.032010
MGYG000001316__gradient_L8_hmo_gapseq	1555	1814	469	R_EX_cpd11416_c0	2.276100	0.019137	0.032228
MGYG000001316__gradient_L9_mos_gapseq	1555	1814	469	R_EX_cpd11416_c0	2.276100	0.019137	0.032311
MGYG000001319__gradient_L0_base_gapseq	1273	1419	337	R_EX_cpd11416_c0	-0.000000	0.015697	0.008341
MGYG000001319__gradient_L1_inulin_gapseq	1273	1419	337	R_EX_cpd11416_c0	-0.000000	0.015697	0.008041
MGYG000001319__gradient_L2_fos_gapseq	1273	1419	337	R_EX_cpd11416_c0	-0.000000	0.015697	0.007847
MGYG000001319__gradient_L3_gos_gapseq	1273	1419	337	R_EX_cpd11416_c0	0.596845	0.015697	0.020788
MGYG000001319__gradient_L4_xos_gapseq	1273	1419	337	R_EX_cpd11416_c0	0.596845	0.015697	0.020910
MGYG000001319__gradient_L5_pectin_gapseq	1273	1419	337	R_EX_cpd11416_c0	0.596845	0.015697	0.020751
MGYG000001319__gradient_L6_resistant_starch_gapseq	1273	1419	337	R_EX_cpd11416_c0	1.092396	0.015697	0.020913
MGYG000001319__gradient_L7_bglucan_gapseq	1273	1419	337	R_EX_cpd11416_c0	1.092396	0.015697	0.020715
MGYG000001319__gradient_L8_hmo_gapseq	1273	1419	337	R_EX_cpd11416_c0	1.092396	0.015697	0.020354
MGYG000001319__gradient_L9_mos_gapseq	1273	1419	337	R_EX_cpd11416_c0	1.092396	0.015697	0.020641
MGYG000001375__gradient_L0_base_gapseq	1230	1333	291	R_EX_cpd11416_c0	-0.000000	0.014407	0.007216
MGYG000001375__gradient_L1_inulin_gapseq	1230	1333	291	R_EX_cpd11416_c0	-0.000000	0.014407	0.006736
MGYG000001375__gradient_L2_fos_gapseq	1230	1333	291	R_EX_cpd11416_c0	-0.000000	0.014407	0.006862
MGYG000001375__gradient_L3_gos_gapseq	1230	1333	291	R_EX_cpd11416_c0	0.908404	0.014407	0.018677
MGYG000001375__gradient_L4_xos_gapseq	1230	1333	291	R_EX_cpd11416_c0	1.013201	0.014407	0.019213
MGYG000001375__gradient_L5_pectin_gapseq	1230	1333	291	R_EX_cpd11416_c0	1.013201	0.014407	0.019715
MGYG000001375__gradient_L6_resistant_starch_gapseq	1230	1333	291	R_EX_cpd11416_c0	1.740795	0.014407	0.018929
MGYG000001375__gradient_L7_bglucan_gapseq	1230	1333	291	R_EX_cpd11416_c0	1.984717	0.014407	0.018872
MGYG000001375__gradient_L8_hmo_gapseq	1230	1333	291	R_EX_cpd11416_c0	1.984717	0.014407	0.018986
MGYG000001375__gradient_L9_mos_gapseq	1230	1333	291	R_EX_cpd11416_c0	2.118144	0.014407	0.019068
MGYG000001390__gradient_L0_base_gapseq	1889	2351	630	R_EX_cpd11416_c0	1.147243	0.024594	0.051341
MGYG000001390__gradient_L1_inulin_gapseq	1889	2351	630	R_EX_cpd11416_c0	1.400182	0.024594	0.051745
MGYG000001390__gradient_L2_fos_gapseq	1889	2351	630	R_EX_cpd11416_c0	1.400182	0.024594	0.052117
MGYG000001390__gradient_L3_gos_gapseq	1889	2351	630	R_EX_cpd11416_c0	1.673356	0.024594	0.050817
MGYG000001390__gradient_L4_xos_gapseq	1889	2351	630	R_EX_cpd11416_c0	1.737335	0.024594	0.051794
MGYG000001390__gradient_L5_pectin_gapseq	1889	2351	630	R_EX_cpd11416_c0	1.775127	0.024594	0.051070
MGYG000001390__gradient_L6_resistant_starch_gapseq	1889	2351	630	R_EX_cpd11416_c0	2.363713	0.024594	0.053656
MGYG000001390__gradient_L7_bglucan_gapseq	1889	2351	630	R_EX_cpd11416_c0	2.363713	0.024594	0.053178
MGYG000001390__gradient_L8_hmo_gapseq	1889	2351	630	R_EX_cpd11416_c0	2.363713	0.024594	0.053453
MGYG000001390__gradient_L9_mos_gapseq	1889	2351	630	R_EX_cpd11416_c0	2.457963	0.024594	0.050303
MGYG000001403__gradient_L0_base_gapseq	1860	2273	675	R_EX_cpd11416_c0	0.721571	0.023341	0.052122
MGYG000001403__gradient_L1_inulin_gapseq	1860	2273	675	R_EX_cpd11416_c0	0.925059	0.023341	0.049556
MGYG000001403__gradient_L2_fos_gapseq	1860	2273	675	R_EX_cpd11416_c0	0.925059	0.023341	0.049411
MGYG000001403__gradient_L3_gos_gapseq	1860	2273	675	R_EX_cpd11416_c0	1.138595	0.023341	0.051242
MGYG000001403__gradient_L4_xos_gapseq	1860	2273	675	R_EX_cpd11416_c0	1.192936	0.023341	0.052210
MGYG000001403__gradient_L5_pectin_gapseq	1860	2273	675	R_EX_cpd11416_c0	1.192936	0.023341	0.053194
MGYG000001403__gradient_L6_resistant_starch_gapseq	1860	2273	675	R_EX_cpd11416_c0	1.640674	0.023341	0.055278
MGYG000001403__gradient_L7_bglucan_gapseq	1860	2273	675	R_EX_cpd11416_c0	1.794512	0.023341	0.054497
MGYG000001403__gradient_L8_hmo_gapseq	1860	2273	675	R_EX_cpd11416_c0	1.794512	0.023341	0.052430
MGYG000001403__gradient_L9_mos_gapseq	1860	2273	675	R_EX_cpd11416_c0	1.892478	0.023341	0.052206
MGYG000001443__gradient_L0_base_gapseq	2197	2591	1097	R_EX_cpd11416_c0	0.971716	0.029394	0.055011
MGYG000001443__gradient_L1_inulin_gapseq	2197	2591	1097	R_EX_cpd11416_c0	1.186168	0.029394	0.053853
MGYG000001443__gradient_L2_fos_gapseq	2197	2591	1097	R_EX_cpd11416_c0	1.186168	0.029394	0.053911
MGYG000001443__gradient_L3_gos_gapseq	2197	2591	1097	R_EX_cpd11416_c0	1.412870	0.029394	0.053798
MGYG000001443__gradient_L4_xos_gapseq	2197	2591	1097	R_EX_cpd11416_c0	1.470118	0.029394	0.055486
MGYG000001443__gradient_L5_pectin_gapseq	2197	2591	1097	R_EX_cpd11416_c0	1.470118	0.029394	0.055260
MGYG000001443__gradient_L6_resistant_starch_gapseq	2197	2591	1097	R_EX_cpd11416_c0	1.969320	0.029394	0.054241
MGYG000001443__gradient_L7_bglucan_gapseq	2197	2591	1097	R_EX_cpd11416_c0	2.131904	0.029394	0.053270
MGYG000001443__gradient_L8_hmo_gapseq	2197	2591	1097	R_EX_cpd11416_c0	2.131904	0.029394	0.053386
MGYG000001443__gradient_L9_mos_gapseq	2197	2591	1097	R_EX_cpd11416_c0	2.226554	0.029394	0.053904
MGYG000001555__gradient_L0_base_gapseq	1428	1594	360	R_EX_cpd11416_c0	-0.000000	0.016601	0.009996
MGYG000001555__gradient_L1_inulin_gapseq	1428	1594	360	R_EX_cpd11416_c0	-0.000000	0.016601	0.010059
MGYG000001555__gradient_L2_fos_gapseq	1428	1594	360	R_EX_cpd11416_c0	-0.000000	0.016601	0.010043
MGYG000001555__gradient_L3_gos_gapseq	1428	1594	360	R_EX_cpd11416_c0	-0.000000	0.016601	0.010084
MGYG000001555__gradient_L4_xos_gapseq	1428	1594	360	R_EX_cpd11416_c0	-0.000000	0.016601	0.010177
MGYG000001555__gradient_L5_pectin_gapseq	1428	1594	360	R_EX_cpd11416_c0	-0.000000	0.016601	0.010193
MGYG000001555__gradient_L6_resistant_starch_gapseq	1428	1594	360	R_EX_cpd11416_c0	-0.000000	0.016601	0.010596
MGYG000001555__gradient_L7_bglucan_gapseq	1428	1594	360	R_EX_cpd11416_c0	-0.000000	0.016601	0.010468
MGYG000001555__gradient_L8_hmo_gapseq	1428	1594	360	R_EX_cpd11416_c0	-0.000000	0.016601	0.010502
MGYG000001555__gradient_L9_mos_gapseq	1428	1594	360	R_EX_cpd11416_c0	-0.000000	0.016601	0.010825
MGYG000001608__gradient_L0_base_gapseq	1326	1462	386	R_EX_cpd11416_c0	-0.000000	0.015935	0.009988
MGYG000001608__gradient_L1_inulin_gapseq	1326	1462	386	R_EX_cpd11416_c0	-0.000000	0.015935	0.010293
MGYG000001608__gradient_L2_fos_gapseq	1326	1462	386	R_EX_cpd11416_c0	-0.000000	0.015935	0.010322
MGYG000001608__gradient_L3_gos_gapseq	1326	1462	386	R_EX_cpd11416_c0	1.269873	0.015935	0.025458
MGYG000001608__gradient_L4_xos_gapseq	1326	1462	386	R_EX_cpd11416_c0	1.269873	0.015935	0.025596
MGYG000001608__gradient_L5_pectin_gapseq	1326	1462	386	R_EX_cpd11416_c0	1.269873	0.015935	0.025699
MGYG000001608__gradient_L6_resistant_starch_gapseq	1326	1462	386	R_EX_cpd11416_c0	1.431173	0.015935	0.026754
MGYG000001608__gradient_L7_bglucan_gapseq	1326	1462	386	R_EX_cpd11416_c0	1.431173	0.015935	0.026794
MGYG000001608__gradient_L8_hmo_gapseq	1326	1462	386	R_EX_cpd11416_c0	1.431173	0.015935	0.026892
MGYG000001608__gradient_L9_mos_gapseq	1326	1462	386	R_EX_cpd11416_c0	1.592473	0.015935	0.026676
MGYG000001694__gradient_L0_base_gapseq	1559	1864	536	R_EX_cpd11416_c0	0.788791	0.020560	0.030759
MGYG000001694__gradient_L1_inulin_gapseq	1559	1864	536	R_EX_cpd11416_c0	1.011511	0.020560	0.031664
MGYG000001694__gradient_L2_fos_gapseq	1559	1864	536	R_EX_cpd11416_c0	1.011511	0.020560	0.031217
MGYG000001694__gradient_L3_gos_gapseq	1559	1864	536	R_EX_cpd11416_c0	1.234232	0.020560	0.031643
MGYG000001694__gradient_L4_xos_gapseq	1559	1864	536	R_EX_cpd11416_c0	1.234232	0.020560	0.030667
MGYG000001694__gradient_L5_pectin_gapseq	1559	1864	536	R_EX_cpd11416_c0	1.266712	0.020560	0.030992
MGYG000001694__gradient_L6_resistant_starch_gapseq	1559	1864	536	R_EX_cpd11416_c0	1.770152	0.020560	0.030867
MGYG000001694__gradient_L7_bglucan_gapseq	1559	1864	536	R_EX_cpd11416_c0	1.770152	0.020560	0.031026
MGYG000001694__gradient_L8_hmo_gapseq	1559	1864	536	R_EX_cpd11416_c0	1.770152	0.020560	0.030943
MGYG000001694__gradient_L9_mos_gapseq	1559	1864	536	R_EX_cpd11416_c0	1.881512	0.020560	0.031011
MGYG000001695__gradient_L0_base_gapseq	1569	1747	473	R_EX_cpd11416_c0	1.030838	0.018993	0.031446
MGYG000001695__gradient_L1_inulin_gapseq	1569	1747	473	R_EX_cpd11416_c0	1.161281	0.018993	0.031068
MGYG000001695__gradient_L2_fos_gapseq	1569	1747	473	R_EX_cpd11416_c0	1.161281	0.018993	0.032329
MGYG000001695__gradient_L3_gos_gapseq	1569	1747	473	R_EX_cpd11416_c0	1.161281	0.018993	0.031592
MGYG000001695__gradient_L4_xos_gapseq	1569	1747	473	R_EX_cpd11416_c0	1.236385	0.018993	0.031948
MGYG000001695__gradient_L5_pectin_gapseq	1569	1747	473	R_EX_cpd11416_c0	1.273757	0.018993	0.031812
MGYG000001695__gradient_L6_resistant_starch_gapseq	1569	1747	473	R_EX_cpd11416_c0	1.869375	0.018993	0.033885
MGYG000001695__gradient_L7_bglucan_gapseq	1569	1747	473	R_EX_cpd11416_c0	1.869375	0.018993	0.034158
MGYG000001695__gradient_L8_hmo_gapseq	1569	1747	473	R_EX_cpd11416_c0	1.869375	0.018993	0.034443
MGYG000001695__gradient_L9_mos_gapseq	1569	1747	473	R_EX_cpd11416_c0	1.869375	0.018993	0.034341
MGYG000001698__gradient_L0_base_gapseq	1354	1601	533	R_EX_cpd11416_c0	-0.000000	0.017536	0.010543
MGYG000001698__gradient_L1_inulin_gapseq	1354	1601	533	R_EX_cpd11416_c0	-0.000000	0.017536	0.009901
MGYG000001698__gradient_L2_fos_gapseq	1354	1601	533	R_EX_cpd11416_c0	-0.000000	0.017536	0.009854
MGYG000001698__gradient_L3_gos_gapseq	1354	1601	533	R_EX_cpd11416_c0	-0.000000	0.017536	0.009973
MGYG000001698__gradient_L4_xos_gapseq	1354	1601	533	R_EX_cpd11416_c0	1.337067	0.017536	0.026379
MGYG000001698__gradient_L5_pectin_gapseq	1354	1601	533	R_EX_cpd11416_c0	1.381195	0.017536	0.026109
MGYG000001698__gradient_L6_resistant_starch_gapseq	1354	1601	533	R_EX_cpd11416_c0	1.992367	0.017536	0.027005
MGYG000001698__gradient_L7_bglucan_gapseq	1354	1601	533	R_EX_cpd11416_c0	2.197561	0.017536	0.025661
MGYG000001698__gradient_L8_hmo_gapseq	1354	1601	533	R_EX_cpd11416_c0	2.343184	0.017536	0.026057
MGYG000001698__gradient_L9_mos_gapseq	1354	1601	533	R_EX_cpd11416_c0	2.484393	0.017536	0.025689
MGYG000001749__gradient_L0_base_gapseq	1408	1570	363	R_EX_cpd11416_c0	-0.000000	0.016838	0.009731
MGYG000001749__gradient_L1_inulin_gapseq	1408	1570	363	R_EX_cpd11416_c0	-0.000000	0.016838	0.009729
MGYG000001749__gradient_L2_fos_gapseq	1408	1570	363	R_EX_cpd11416_c0	-0.000000	0.016838	0.009839
MGYG000001749__gradient_L3_gos_gapseq	1408	1570	363	R_EX_cpd11416_c0	-0.000000	0.016838	0.009518
MGYG000001749__gradient_L4_xos_gapseq	1408	1570	363	R_EX_cpd11416_c0	1.042642	0.016838	0.024612
MGYG000001749__gradient_L5_pectin_gapseq	1408	1570	363	R_EX_cpd11416_c0	1.104828	0.016838	0.023436
MGYG000001749__gradient_L6_resistant_starch_gapseq	1408	1570	363	R_EX_cpd11416_c0	1.795092	0.016838	0.026155
MGYG000001749__gradient_L7_bglucan_gapseq	1408	1570	363	R_EX_cpd11416_c0	2.037618	0.016838	0.024999
MGYG000001749__gradient_L8_hmo_gapseq	1408	1570	363	R_EX_cpd11416_c0	2.037618	0.016838	0.024757
MGYG000001749__gradient_L9_mos_gapseq	1408	1570	363	R_EX_cpd11416_c0	2.170281	0.016838	0.024549
MGYG000001767__gradient_L0_base_gapseq	1045	1145	222	R_EX_cpd11416_c0	-0.000000	0.012572	0.006431
MGYG000001767__gradient_L1_inulin_gapseq	1045	1145	222	R_EX_cpd11416_c0	-0.000000	0.012572	0.006081
MGYG000001767__gradient_L2_fos_gapseq	1045	1145	222	R_EX_cpd11416_c0	-0.000000	0.012572	0.005672
MGYG000001767__gradient_L3_gos_gapseq	1045	1145	222	R_EX_cpd11416_c0	0.523377	0.012572	0.015215
MGYG000001767__gradient_L4_xos_gapseq	1045	1145	222	R_EX_cpd11416_c0	0.523377	0.012572	0.014833
MGYG000001767__gradient_L5_pectin_gapseq	1045	1145	222	R_EX_cpd11416_c0	0.523377	0.012572	0.014988
MGYG000001767__gradient_L6_resistant_starch_gapseq	1045	1145	222	R_EX_cpd11416_c0	0.987949	0.012572	0.016164
MGYG000001767__gradient_L7_bglucan_gapseq	1045	1145	222	R_EX_cpd11416_c0	1.113165	0.012572	0.015522
MGYG000001767__gradient_L8_hmo_gapseq	1045	1145	222	R_EX_cpd11416_c0	1.113165	0.012572	0.016073
MGYG000001767__gradient_L9_mos_gapseq	1045	1145	222	R_EX_cpd11416_c0	1.184818	0.012572	0.015843
MGYG000001826__gradient_L0_base_gapseq	1089	1179	263	R_EX_cpd11416_c0	-0.000000	0.013466	0.006453
MGYG000001826__gradient_L1_inulin_gapseq	1089	1179	263	R_EX_cpd11416_c0	-0.000000	0.013466	0.006197
MGYG000001826__gradient_L2_fos_gapseq	1089	1179	263	R_EX_cpd11416_c0	-0.000000	0.013466	0.006240
MGYG000001826__gradient_L3_gos_gapseq	1089	1179	263	R_EX_cpd11416_c0	-0.000000	0.013466	0.006465
MGYG000001826__gradient_L4_xos_gapseq	1089	1179	263	R_EX_cpd11416_c0	-0.000000	0.013466	0.006931
MGYG000001826__gradient_L5_pectin_gapseq	1089	1179	263	R_EX_cpd11416_c0	-0.000000	0.013466	0.007032
MGYG000001826__gradient_L6_resistant_starch_gapseq	1089	1179	263	R_EX_cpd11416_c0	0.814279	0.013466	0.016016
MGYG000001826__gradient_L7_bglucan_gapseq	1089	1179	263	R_EX_cpd11416_c0	0.814279	0.013466	0.016275
MGYG000001826__gradient_L8_hmo_gapseq	1089	1179	263	R_EX_cpd11416_c0	0.814279	0.013466	0.016121
MGYG000001826__gradient_L9_mos_gapseq	1089	1179	263	R_EX_cpd11416_c0	0.892062	0.013466	0.016545
MGYG000001834__gradient_L0_base_gapseq	586	558	62	R_EX_cpd11416_c0	-0.000000	0.007047	0.002443
MGYG000001834__gradient_L1_inulin_gapseq	586	558	62	R_EX_cpd11416_c0	-0.000000	0.007047	0.002703
MGYG000001834__gradient_L2_fos_gapseq	586	558	62	R_EX_cpd11416_c0	-0.000000	0.007047	0.002584
MGYG000001834__gradient_L3_gos_gapseq	586	558	62	R_EX_cpd11416_c0	-0.000000	0.007047	0.002834
MGYG000001834__gradient_L4_xos_gapseq	586	558	62	R_EX_cpd11416_c0	-0.000000	0.007047	0.002587
MGYG000001834__gradient_L5_pectin_gapseq	586	558	62	R_EX_cpd11416_c0	-0.000000	0.007047	0.002501
MGYG000001834__gradient_L6_resistant_starch_gapseq	586	558	62	R_EX_cpd11416_c0	-0.000000	0.007047	0.002430
MGYG000001834__gradient_L7_bglucan_gapseq	586	558	62	R_EX_cpd11416_c0	-0.000000	0.007047	0.002434
MGYG000001834__gradient_L8_hmo_gapseq	586	558	62	R_EX_cpd11416_c0	-0.000000	0.007047	0.002713
MGYG000001834__gradient_L9_mos_gapseq	586	558	62	R_EX_cpd11416_c0	-0.000000	0.007047	0.002720
MGYG000001930__gradient_L0_base_gapseq	889	995	172	R_EX_cpd11416_c0	-0.000000	0.010567	0.005607
MGYG000001930__gradient_L1_inulin_gapseq	889	995	172	R_EX_cpd11416_c0	0.291068	0.010567	0.012910
MGYG000001930__gradient_L2_fos_gapseq	889	995	172	R_EX_cpd11416_c0	0.291068	0.010567	0.012947
MGYG000001930__gradient_L3_gos_gapseq	889	995	172	R_EX_cpd11416_c0	0.591242	0.010567	0.013280
MGYG000001930__gradient_L4_xos_gapseq	889	995	172	R_EX_cpd11416_c0	0.591242	0.010567	0.013233
MGYG000001930__gradient_L5_pectin_gapseq	889	995	172	R_EX_cpd11416_c0	0.591242	0.010567	0.014457
MGYG000001930__gradient_L6_resistant_starch_gapseq	889	995	172	R_EX_cpd11416_c0	0.994383	0.010567	0.013352
MGYG000001930__gradient_L7_bglucan_gapseq	889	995	172	R_EX_cpd11416_c0	0.994383	0.010567	0.013050
MGYG000001930__gradient_L8_hmo_gapseq	889	995	172	R_EX_cpd11416_c0	0.994383	0.010567	0.012699
MGYG000001930__gradient_L9_mos_gapseq	889	995	172	R_EX_cpd11416_c0	0.994383	0.010567	0.012829
MGYG000001971__gradient_L0_base_gapseq	1520	1753	511	R_EX_cpd11416_c0	0.779134	0.018706	0.025732
MGYG000001971__gradient_L1_inulin_gapseq	1520	1753	511	R_EX_cpd11416_c0	1.005581	0.018706	0.027321
MGYG000001971__gradient_L2_fos_gapseq	1520	1753	511	R_EX_cpd11416_c0	1.005581	0.018706	0.027050
MGYG000001971__gradient_L3_gos_gapseq	1520	1753	511	R_EX_cpd11416_c0	1.221065	0.018706	0.025376
MGYG000001971__gradient_L4_xos_gapseq	1520	1753	511	R_EX_cpd11416_c0	1.234967	0.018706	0.027508
MGYG000001971__gradient_L5_pectin_gapseq	1520	1753	511	R_EX_cpd11416_c0	1.234967	0.018706	0.027366
MGYG000001971__gradient_L6_resistant_starch_gapseq	1520	1753	511	R_EX_cpd11416_c0	1.737762	0.018706	0.027608
MGYG000001971__gradient_L7_bglucan_gapseq	1520	1753	511	R_EX_cpd11416_c0	1.737762	0.018706	0.027657
MGYG000001971__gradient_L8_hmo_gapseq	1520	1753	511	R_EX_cpd11416_c0	1.737762	0.018706	0.028025
MGYG000001971__gradient_L9_mos_gapseq	1520	1753	511	R_EX_cpd11416_c0	1.848980	0.018706	0.026836
MGYG000002133__gradient_L0_base_gapseq	1381	1581	369	R_EX_cpd11416_c0	0.440617	0.016863	0.024918
MGYG000002133__gradient_L1_inulin_gapseq	1381	1581	369	R_EX_cpd11416_c0	0.534731	0.016863	0.024815
MGYG000002133__gradient_L2_fos_gapseq	1381	1581	369	R_EX_cpd11416_c0	0.534731	0.016863	0.024793
MGYG000002133__gradient_L3_gos_gapseq	1381	1581	369	R_EX_cpd11416_c0	0.752906	0.016863	0.026060
MGYG000002133__gradient_L4_xos_gapseq	1381	1581	369	R_EX_cpd11416_c0	0.859180	0.016863	0.026245
MGYG000002133__gradient_L5_pectin_gapseq	1381	1581	369	R_EX_cpd11416_c0	0.890918	0.016863	0.025749
MGYG000002133__gradient_L6_resistant_starch_gapseq	1381	1581	369	R_EX_cpd11416_c0	1.118579	0.016863	0.027086
MGYG000002133__gradient_L7_bglucan_gapseq	1381	1581	369	R_EX_cpd11416_c0	1.255363	0.016863	0.026432
MGYG000002133__gradient_L8_hmo_gapseq	1381	1581	369	R_EX_cpd11416_c0	1.255363	0.016863	0.026195
MGYG000002133__gradient_L9_mos_gapseq	1381	1581	369	R_EX_cpd11416_c0	1.340473	0.016863	0.027184
MGYG000002162__gradient_L0_base_gapseq	933	940	258	R_EX_cpd11416_c0	0.131955	0.014237	0.016500
MGYG000002162__gradient_L1_inulin_gapseq	933	940	258	R_EX_cpd11416_c0	0.131955	0.014237	0.013176
MGYG000002162__gradient_L2_fos_gapseq	933	940	258	R_EX_cpd11416_c0	0.131955	0.014237	0.012678
MGYG000002162__gradient_L3_gos_gapseq	933	940	258	R_EX_cpd11416_c0	0.131955	0.014237	0.013171
MGYG000002162__gradient_L4_xos_gapseq	933	940	258	R_EX_cpd11416_c0	0.131955	0.014237	0.012811
MGYG000002162__gradient_L5_pectin_gapseq	933	940	258	R_EX_cpd11416_c0	0.131955	0.014237	0.012592
MGYG000002162__gradient_L6_resistant_starch_gapseq	933	940	258	R_EX_cpd11416_c0	0.131955	0.014237	0.012427
MGYG000002162__gradient_L7_bglucan_gapseq	933	940	258	R_EX_cpd11416_c0	0.131955	0.014237	0.012068
MGYG000002162__gradient_L8_hmo_gapseq	933	940	258	R_EX_cpd11416_c0	0.131955	0.014237	0.012240
MGYG000002162__gradient_L9_mos_gapseq	933	940	258	R_EX_cpd11416_c0	0.131955	0.014237	0.012446
MGYG000002173__gradient_L0_base_gapseq	1026	1065	204	R_EX_cpd11416_c0	-0.000000	0.010898	0.006044
MGYG000002173__gradient_L1_inulin_gapseq	1026	1065	204	R_EX_cpd11416_c0	0.568026	0.010898	0.014478
MGYG000002173__gradient_L2_fos_gapseq	1026	1065	204	R_EX_cpd11416_c0	0.568026	0.010898	0.014011
MGYG000002173__gradient_L3_gos_gapseq	1026	1065	204	R_EX_cpd11416_c0	0.695498	0.010898	0.013636
MGYG000002173__gradient_L4_xos_gapseq	1026	1065	204	R_EX_cpd11416_c0	0.801182	0.010898	0.013818
MGYG000002173__gradient_L5_pectin_gapseq	1026	1065	204	R_EX_cpd11416_c0	0.801182	0.010898	0.013892
MGYG000002173__gradient_L6_resistant_starch_gapseq	1026	1065	204	R_EX_cpd11416_c0	0.994383	0.010898	0.013363
MGYG000002173__gradient_L7_bglucan_gapseq	1026	1065	204	R_EX_cpd11416_c0	0.994383	0.010898	0.013245
MGYG000002173__gradient_L8_hmo_gapseq	1026	1065	204	R_EX_cpd11416_c0	0.994383	0.010898	0.013240
MGYG000002173__gradient_L9_mos_gapseq	1026	1065	204	R_EX_cpd11416_c0	0.994383	0.010898	0.013272
MGYG000002187__gradient_L0_base_gapseq	1166	1324	328	R_EX_cpd11416_c0	0.730744	0.013808	0.018379
MGYG000002187__gradient_L1_inulin_gapseq	1166	1324	328	R_EX_cpd11416_c0	1.024688	0.013808	0.017760
MGYG000002187__gradient_L2_fos_gapseq	1166	1324	328	R_EX_cpd11416_c0	1.024688	0.013808	0.017744
MGYG000002187__gradient_L3_gos_gapseq	1166	1324	328	R_EX_cpd11416_c0	1.318094	0.013808	0.018143
MGYG000002187__gradient_L4_xos_gapseq	1166	1324	328	R_EX_cpd11416_c0	1.318094	0.013808	0.018261
MGYG000002187__gradient_L5_pectin_gapseq	1166	1324	328	R_EX_cpd11416_c0	1.318094	0.013808	0.018219
MGYG000002187__gradient_L6_resistant_starch_gapseq	1166	1324	328	R_EX_cpd11416_c0	1.933802	0.013808	0.018090
MGYG000002187__gradient_L7_bglucan_gapseq	1166	1324	328	R_EX_cpd11416_c0	1.933802	0.013808	0.018054
MGYG000002187__gradient_L8_hmo_gapseq	1166	1324	328	R_EX_cpd11416_c0	1.933802	0.013808	0.018054
MGYG000002187__gradient_L9_mos_gapseq	1166	1324	328	R_EX_cpd11416_c0	2.076060	0.013808	0.018102
MGYG000002321__gradient_L0_base_gapseq	1343	1501	331	R_EX_cpd11416_c0	-0.000000	0.015529	0.008324
MGYG000002321__gradient_L1_inulin_gapseq	1343	1501	331	R_EX_cpd11416_c0	-0.000000	0.015529	0.008549
MGYG000002321__gradient_L2_fos_gapseq	1343	1501	331	R_EX_cpd11416_c0	-0.000000	0.015529	0.008626
MGYG000002321__gradient_L3_gos_gapseq	1343	1501	331	R_EX_cpd11416_c0	-0.000000	0.015529	0.008538
MGYG000002321__gradient_L4_xos_gapseq	1343	1501	331	R_EX_cpd11416_c0	0.934241	0.015529	0.021191
MGYG000002321__gradient_L5_pectin_gapseq	1343	1501	331	R_EX_cpd11416_c0	0.934241	0.015529	0.021197
MGYG000002321__gradient_L6_resistant_starch_gapseq	1343	1501	331	R_EX_cpd11416_c0	1.548564	0.015529	0.020992
MGYG000002321__gradient_L7_bglucan_gapseq	1343	1501	331	R_EX_cpd11416_c0	1.754010	0.015529	0.021366
MGYG000002321__gradient_L8_hmo_gapseq	1343	1501	331	R_EX_cpd11416_c0	1.754010	0.015529	0.021354
MGYG000002321__gradient_L9_mos_gapseq	1343	1501	331	R_EX_cpd11416_c0	1.895392	0.015529	0.021626
MGYG000002364__gradient_L0_base_gapseq	1343	1439	390	R_EX_cpd11416_c0	0.200142	0.015294	0.022298
MGYG000002364__gradient_L1_inulin_gapseq	1343	1439	390	R_EX_cpd11416_c0	0.327512	0.015294	0.023245
MGYG000002364__gradient_L2_fos_gapseq	1343	1439	390	R_EX_cpd11416_c0	0.327512	0.015294	0.023041
MGYG000002364__gradient_L3_gos_gapseq	1343	1439	390	R_EX_cpd11416_c0	0.327512	0.015294	0.022956
MGYG000002364__gradient_L4_xos_gapseq	1343	1439	390	R_EX_cpd11416_c0	0.327512	0.015294	0.023050
MGYG000002364__gradient_L5_pectin_gapseq	1343	1439	390	R_EX_cpd11416_c0	0.327512	0.015294	0.023010
MGYG000002364__gradient_L6_resistant_starch_gapseq	1343	1439	390	R_EX_cpd11416_c0	0.327512	0.015294	0.023218
MGYG000002364__gradient_L7_bglucan_gapseq	1343	1439	390	R_EX_cpd11416_c0	0.327512	0.015294	0.023008
MGYG000002364__gradient_L8_hmo_gapseq	1343	1439	390	R_EX_cpd11416_c0	0.327512	0.015294	0.023004
MGYG000002364__gradient_L9_mos_gapseq	1343	1439	390	R_EX_cpd11416_c0	0.327512	0.015294	0.022986
MGYG000002383__gradient_L0_base_gapseq	1528	1844	505	R_EX_cpd11416_c0	0.874482	0.017912	0.027670
MGYG000002383__gradient_L1_inulin_gapseq	1528	1844	505	R_EX_cpd11416_c0	1.101803	0.017912	0.028878
MGYG000002383__gradient_L2_fos_gapseq	1528	1844	505	R_EX_cpd11416_c0	1.101803	0.017912	0.028890
MGYG000002383__gradient_L3_gos_gapseq	1528	1844	505	R_EX_cpd11416_c0	1.324486	0.017912	0.028835
MGYG000002383__gradient_L4_xos_gapseq	1528	1844	505	R_EX_cpd11416_c0	1.449745	0.017912	0.029454
MGYG000002383__gradient_L5_pectin_gapseq	1528	1844	505	R_EX_cpd11416_c0	1.482219	0.017912	0.029255
MGYG000002383__gradient_L6_resistant_starch_gapseq	1528	1844	505	R_EX_cpd11416_c0	2.011090	0.017912	0.029717
MGYG000002383__gradient_L7_bglucan_gapseq	1528	1844	505	R_EX_cpd11416_c0	2.185060	0.017912	0.029243
MGYG000002383__gradient_L8_hmo_gapseq	1528	1844	505	R_EX_cpd11416_c0	2.185060	0.017912	0.029486
MGYG000002383__gradient_L9_mos_gapseq	1528	1844	505	R_EX_cpd11416_c0	2.296401	0.017912	0.028819
MGYG000002426__gradient_L0_base_gapseq	1280	1362	346	R_EX_cpd11416_c0	0.287388	0.013601	0.019803
MGYG000002426__gradient_L1_inulin_gapseq	1280	1362	346	R_EX_cpd11416_c0	0.435422	0.013601	0.019665
MGYG000002426__gradient_L2_fos_gapseq	1280	1362	346	R_EX_cpd11416_c0	0.435422	0.013601	0.019663
MGYG000002426__gradient_L3_gos_gapseq	1280	1362	346	R_EX_cpd11416_c0	0.435422	0.013601	0.019776
MGYG000002426__gradient_L4_xos_gapseq	1280	1362	346	R_EX_cpd11416_c0	0.435422	0.013601	0.020016
MGYG000002426__gradient_L5_pectin_gapseq	1280	1362	346	R_EX_cpd11416_c0	0.435422	0.013601	0.019693
MGYG000002426__gradient_L6_resistant_starch_gapseq	1280	1362	346	R_EX_cpd11416_c0	0.435422	0.013601	0.019604
MGYG000002426__gradient_L7_bglucan_gapseq	1280	1362	346	R_EX_cpd11416_c0	0.435422	0.013601	0.019467
MGYG000002426__gradient_L8_hmo_gapseq	1280	1362	346	R_EX_cpd11416_c0	0.435422	0.013601	0.019480
MGYG000002426__gradient_L9_mos_gapseq	1280	1362	346	R_EX_cpd11416_c0	0.435422	0.013601	0.019462
MGYG000002456__gradient_L0_base_gapseq	821	787	208	R_EX_cpd11416_c0	-0.000000	0.008732	0.003440
MGYG000002456__gradient_L1_inulin_gapseq	821	787	208	R_EX_cpd11416_c0	-0.000000	0.008732	0.003379
MGYG000002456__gradient_L2_fos_gapseq	821	787	208	R_EX_cpd11416_c0	-0.000000	0.008732	0.003215
MGYG000002456__gradient_L3_gos_gapseq	821	787	208	R_EX_cpd11416_c0	-0.000000	0.008732	0.003315
MGYG000002456__gradient_L4_xos_gapseq	821	787	208	R_EX_cpd11416_c0	-0.000000	0.008732	0.003198
MGYG000002456__gradient_L5_pectin_gapseq	821	787	208	R_EX_cpd11416_c0	-0.000000	0.008732	0.003195
MGYG000002456__gradient_L6_resistant_starch_gapseq	821	787	208	R_EX_cpd11416_c0	-0.000000	0.008732	0.003235
MGYG000002456__gradient_L7_bglucan_gapseq	821	787	208	R_EX_cpd11416_c0	-0.000000	0.008732	0.003233
MGYG000002456__gradient_L8_hmo_gapseq	821	787	208	R_EX_cpd11416_c0	-0.000000	0.008732	0.003212
MGYG000002456__gradient_L9_mos_gapseq	821	787	208	R_EX_cpd11416_c0	-0.000000	0.008732	0.003217
MGYG000002463__gradient_L0_base_gapseq	2307	2788	1290	R_EX_cpd11416_c0	1.161070	0.029416	0.060812
MGYG000002463__gradient_L1_inulin_gapseq	2307	2788	1290	R_EX_cpd11416_c0	1.313401	0.029416	0.056322
MGYG000002463__gradient_L2_fos_gapseq	2307	2788	1290	R_EX_cpd11416_c0	1.313401	0.029416	0.060185
MGYG000002463__gradient_L3_gos_gapseq	2307	2788	1290	R_EX_cpd11416_c0	1.401417	0.029416	0.060473
MGYG000002463__gradient_L4_xos_gapseq	2307	2788	1290	R_EX_cpd11416_c0	1.484151	0.029416	0.060104
MGYG000002463__gradient_L5_pectin_gapseq	2307	2788	1290	R_EX_cpd11416_c0	1.493343	0.029416	0.058466
MGYG000002463__gradient_L6_resistant_starch_gapseq	2307	2788	1290	R_EX_cpd11416_c0	2.104198	0.029416	0.061611
MGYG000002463__gradient_L7_bglucan_gapseq	2307	2788	1290	R_EX_cpd11416_c0	2.104198	0.029416	0.061300
MGYG000002463__gradient_L8_hmo_gapseq	2307	2788	1290	R_EX_cpd11416_c0	2.104198	0.029416	0.060727
MGYG000002463__gradient_L9_mos_gapseq	2307	2788	1290	R_EX_cpd11416_c0	2.210833	0.029416	0.063246
MGYG000002479__gradient_L0_base_gapseq	1256	1333	306	R_EX_cpd11416_c0	0.226120	0.013464	0.020560
MGYG000002479__gradient_L1_inulin_gapseq	1256	1333	306	R_EX_cpd11416_c0	0.226120	0.013464	0.020778
MGYG000002479__gradient_L2_fos_gapseq	1256	1333	306	R_EX_cpd11416_c0	0.226120	0.013464	0.020873
MGYG000002479__gradient_L3_gos_gapseq	1256	1333	306	R_EX_cpd11416_c0	0.226120	0.013464	0.020480
MGYG000002479__gradient_L4_xos_gapseq	1256	1333	306	R_EX_cpd11416_c0	0.226120	0.013464	0.019683
MGYG000002479__gradient_L5_pectin_gapseq	1256	1333	306	R_EX_cpd11416_c0	0.226120	0.013464	0.019602
MGYG000002479__gradient_L6_resistant_starch_gapseq	1256	1333	306	R_EX_cpd11416_c0	0.226120	0.013464	0.019624
MGYG000002479__gradient_L7_bglucan_gapseq	1256	1333	306	R_EX_cpd11416_c0	0.226120	0.013464	0.019632
MGYG000002479__gradient_L8_hmo_gapseq	1256	1333	306	R_EX_cpd11416_c0	0.226120	0.013464	0.019698
MGYG000002479__gradient_L9_mos_gapseq	1256	1333	306	R_EX_cpd11416_c0	0.226120	0.013464	0.019571
MGYG000002542__gradient_L0_base_gapseq	1525	1823	496	R_EX_cpd11416_c0	0.471106	0.017923	0.030497
MGYG000002542__gradient_L1_inulin_gapseq	1525	1823	496	R_EX_cpd11416_c0	0.640708	0.017923	0.031068
MGYG000002542__gradient_L2_fos_gapseq	1525	1823	496	R_EX_cpd11416_c0	0.640708	0.017923	0.030525
MGYG000002542__gradient_L3_gos_gapseq	1525	1823	496	R_EX_cpd11416_c0	0.803243	0.017923	0.031091
MGYG000002542__gradient_L4_xos_gapseq	1525	1823	496	R_EX_cpd11416_c0	0.904667	0.017923	0.030728
MGYG000002542__gradient_L5_pectin_gapseq	1525	1823	496	R_EX_cpd11416_c0	0.904667	0.017923	0.030708
MGYG000002542__gradient_L6_resistant_starch_gapseq	1525	1823	496	R_EX_cpd11416_c0	1.238737	0.017923	0.031249
MGYG000002542__gradient_L7_bglucan_gapseq	1525	1823	496	R_EX_cpd11416_c0	1.238737	0.017923	0.031019
MGYG000002542__gradient_L8_hmo_gapseq	1525	1823	496	R_EX_cpd11416_c0	1.238737	0.017923	0.030963
MGYG000002542__gradient_L9_mos_gapseq	1525	1823	496	R_EX_cpd11416_c0	1.306267	0.017923	0.031098
MGYG000002623__gradient_L0_base_gapseq	1425	1649	388	R_EX_cpd11416_c0	0.489129	0.015581	0.026987
MGYG000002623__gradient_L1_inulin_gapseq	1425	1649	388	R_EX_cpd11416_c0	0.656303	0.015581	0.025614
MGYG000002623__gradient_L2_fos_gapseq	1425	1649	388	R_EX_cpd11416_c0	0.656303	0.015581	0.025657
MGYG000002623__gradient_L3_gos_gapseq	1425	1649	388	R_EX_cpd11416_c0	0.942511	0.015581	0.026736
MGYG000002623__gradient_L4_xos_gapseq	1425	1649	388	R_EX_cpd11416_c0	1.001071	0.015581	0.025903
MGYG000002623__gradient_L5_pectin_gapseq	1425	1649	388	R_EX_cpd11416_c0	1.001071	0.015581	0.025776
MGYG000002623__gradient_L6_resistant_starch_gapseq	1425	1649	388	R_EX_cpd11416_c0	1.530243	0.015581	0.027464
MGYG000002623__gradient_L7_bglucan_gapseq	1425	1649	388	R_EX_cpd11416_c0	1.530243	0.015581	0.027281
MGYG000002623__gradient_L8_hmo_gapseq	1425	1649	388	R_EX_cpd11416_c0	1.530243	0.015581	0.027585
MGYG000002623__gradient_L9_mos_gapseq	1425	1649	388	R_EX_cpd11416_c0	1.530243	0.015581	0.028187
MGYG000002634__gradient_L0_base_gapseq	1527	1822	543	R_EX_cpd11416_c0	1.048831	0.017904	0.029982
MGYG000002634__gradient_L1_inulin_gapseq	1527	1822	543	R_EX_cpd11416_c0	1.270613	0.017904	0.029255
MGYG000002634__gradient_L2_fos_gapseq	1527	1822	543	R_EX_cpd11416_c0	1.270613	0.017904	0.029362
MGYG000002634__gradient_L3_gos_gapseq	1527	1822	543	R_EX_cpd11416_c0	1.464672	0.017904	0.030508
MGYG000002634__gradient_L4_xos_gapseq	1527	1822	543	R_EX_cpd11416_c0	1.464672	0.017904	0.029837
MGYG000002634__gradient_L5_pectin_gapseq	1527	1822	543	R_EX_cpd11416_c0	1.464672	0.017904	0.029590
MGYG000002634__gradient_L6_resistant_starch_gapseq	1527	1822	543	R_EX_cpd11416_c0	1.938267	0.017904	0.029785
MGYG000002634__gradient_L7_bglucan_gapseq	1527	1822	543	R_EX_cpd11416_c0	1.938267	0.017904	0.029832
MGYG000002634__gradient_L8_hmo_gapseq	1527	1822	543	R_EX_cpd11416_c0	1.938267	0.017904	0.029917
MGYG000002634__gradient_L9_mos_gapseq	1527	1822	543	R_EX_cpd11416_c0	2.049158	0.017904	0.029250
MGYG000002715__gradient_L0_base_gapseq	1167	1248	278	R_EX_cpd11416_c0	-0.000000	0.012043	0.006067
MGYG000002715__gradient_L1_inulin_gapseq	1167	1248	278	R_EX_cpd11416_c0	-0.000000	0.012043	0.006084
MGYG000002715__gradient_L2_fos_gapseq	1167	1248	278	R_EX_cpd11416_c0	-0.000000	0.012043	0.006079
MGYG000002715__gradient_L3_gos_gapseq	1167	1248	278	R_EX_cpd11416_c0	-0.000000	0.012043	0.006490
MGYG000002715__gradient_L4_xos_gapseq	1167	1248	278	R_EX_cpd11416_c0	-0.000000	0.012043	0.006483
MGYG000002715__gradient_L5_pectin_gapseq	1167	1248	278	R_EX_cpd11416_c0	-0.000000	0.012043	0.006456
MGYG000002715__gradient_L6_resistant_starch_gapseq	1167	1248	278	R_EX_cpd11416_c0	-0.000000	0.012043	0.006464
MGYG000002715__gradient_L7_bglucan_gapseq	1167	1248	278	R_EX_cpd11416_c0	-0.000000	0.012043	0.006445
MGYG000002715__gradient_L8_hmo_gapseq	1167	1248	278	R_EX_cpd11416_c0	-0.000000	0.012043	0.006457
MGYG000002715__gradient_L9_mos_gapseq	1167	1248	278	R_EX_cpd11416_c0	-0.000000	0.012043	0.006413
MGYG000002747__gradient_L0_base_gapseq	1135	1274	307	R_EX_cpd11416_c0	0.720031	0.011923	0.017457
MGYG000002747__gradient_L1_inulin_gapseq	1135	1274	307	R_EX_cpd11416_c0	1.013599	0.011923	0.016955
MGYG000002747__gradient_L2_fos_gapseq	1135	1274	307	R_EX_cpd11416_c0	1.013599	0.011923	0.016921
MGYG000002747__gradient_L3_gos_gapseq	1135	1274	307	R_EX_cpd11416_c0	1.303830	0.011923	0.017608
MGYG000002747__gradient_L4_xos_gapseq	1135	1274	307	R_EX_cpd11416_c0	1.303830	0.011923	0.017549
MGYG000002747__gradient_L5_pectin_gapseq	1135	1274	307	R_EX_cpd11416_c0	1.303830	0.011923	0.017539
MGYG000002747__gradient_L6_resistant_starch_gapseq	1135	1274	307	R_EX_cpd11416_c0	1.912875	0.011923	0.017894
MGYG000002747__gradient_L7_bglucan_gapseq	1135	1274	307	R_EX_cpd11416_c0	1.912875	0.011923	0.017644
MGYG000002747__gradient_L8_hmo_gapseq	1135	1274	307	R_EX_cpd11416_c0	1.912875	0.011923	0.017663
MGYG000002747__gradient_L9_mos_gapseq	1135	1274	307	R_EX_cpd11416_c0	2.053593	0.011923	0.017408
MGYG000002770__gradient_L0_base_gapseq	1333	1495	373	R_EX_cpd11416_c0	0.694822	0.014185	0.021461
MGYG000002770__gradient_L1_inulin_gapseq	1333	1495	373	R_EX_cpd11416_c0	0.917168	0.014185	0.021547
MGYG000002770__gradient_L2_fos_gapseq	1333	1495	373	R_EX_cpd11416_c0	0.917168	0.014185	0.021868
MGYG000002770__gradient_L3_gos_gapseq	1333	1495	373	R_EX_cpd11416_c0	1.127601	0.014185	0.022480
MGYG000002770__gradient_L4_xos_gapseq	1333	1495	373	R_EX_cpd11416_c0	1.127601	0.014185	0.023936
MGYG000002770__gradient_L5_pectin_gapseq	1333	1495	373	R_EX_cpd11416_c0	1.127601	0.014185	0.023680
MGYG000002770__gradient_L6_resistant_starch_gapseq	1333	1495	373	R_EX_cpd11416_c0	1.585344	0.014185	0.023449
MGYG000002770__gradient_L7_bglucan_gapseq	1333	1495	373	R_EX_cpd11416_c0	1.739414	0.014185	0.023305
MGYG000002770__gradient_L8_hmo_gapseq	1333	1495	373	R_EX_cpd11416_c0	1.739414	0.014185	0.023271
MGYG000002770__gradient_L9_mos_gapseq	1333	1495	373	R_EX_cpd11416_c0	1.846593	0.014185	0.022851
MGYG000002840__gradient_L0_base_gapseq	1189	1321	395	R_EX_cpd11416_c0	0.336622	0.013934	0.018422
MGYG000002840__gradient_L1_inulin_gapseq	1189	1321	395	R_EX_cpd11416_c0	0.336622	0.013934	0.019044
MGYG000002840__gradient_L2_fos_gapseq	1189	1321	395	R_EX_cpd11416_c0	0.336622	0.013934	0.018955
MGYG000002840__gradient_L3_gos_gapseq	1189	1321	395	R_EX_cpd11416_c0	0.336622	0.013934	0.018068
MGYG000002840__gradient_L4_xos_gapseq	1189	1321	395	R_EX_cpd11416_c0	0.336622	0.013934	0.018077
MGYG000002840__gradient_L5_pectin_gapseq	1189	1321	395	R_EX_cpd11416_c0	0.336622	0.013934	0.017764
MGYG000002840__gradient_L6_resistant_starch_gapseq	1189	1321	395	R_EX_cpd11416_c0	0.336622	0.013934	0.018191
MGYG000002840__gradient_L7_bglucan_gapseq	1189	1321	395	R_EX_cpd11416_c0	0.336622	0.013934	0.018638
MGYG000002840__gradient_L8_hmo_gapseq	1189	1321	395	R_EX_cpd11416_c0	0.336622	0.013934	0.018412
MGYG000002840__gradient_L9_mos_gapseq	1189	1321	395	R_EX_cpd11416_c0	0.336622	0.013934	0.018515
MGYG000002858__gradient_L0_base_gapseq	1183	1290	329	R_EX_cpd11416_c0	0.704454	0.012979	0.018146
MGYG000002858__gradient_L1_inulin_gapseq	1183	1290	329	R_EX_cpd11416_c0	0.992541	0.012979	0.017535
MGYG000002858__gradient_L2_fos_gapseq	1183	1290	329	R_EX_cpd11416_c0	0.992541	0.012979	0.017443
MGYG000002858__gradient_L3_gos_gapseq	1183	1290	329	R_EX_cpd11416_c0	1.284381	0.012979	0.017747
MGYG000002858__gradient_L4_xos_gapseq	1183	1290	329	R_EX_cpd11416_c0	1.284381	0.012979	0.017575
MGYG000002858__gradient_L5_pectin_gapseq	1183	1290	329	R_EX_cpd11416_c0	1.284381	0.012979	0.017538
MGYG000002858__gradient_L6_resistant_starch_gapseq	1183	1290	329	R_EX_cpd11416_c0	1.896732	0.012979	0.017782
MGYG000002858__gradient_L7_bglucan_gapseq	1183	1290	329	R_EX_cpd11416_c0	2.102323	0.012979	0.018159
MGYG000002858__gradient_L8_hmo_gapseq	1183	1290	329	R_EX_cpd11416_c0	2.102323	0.012979	0.024708
MGYG000002858__gradient_L9_mos_gapseq	1183	1290	329	R_EX_cpd11416_c0	2.243805	0.012979	0.018894
MGYG000002883__gradient_L0_base_gapseq	1126	1183	211	R_EX_cpd11416_c0	-0.000000	0.012039	0.007177
MGYG000002883__gradient_L1_inulin_gapseq	1126	1183	211	R_EX_cpd11416_c0	0.048074	0.012039	0.016691
MGYG000002883__gradient_L2_fos_gapseq	1126	1183	211	R_EX_cpd11416_c0	0.048074	0.012039	0.016603
MGYG000002883__gradient_L3_gos_gapseq	1126	1183	211	R_EX_cpd11416_c0	0.048074	0.012039	0.016657
MGYG000002883__gradient_L4_xos_gapseq	1126	1183	211	R_EX_cpd11416_c0	0.048074	0.012039	0.016814
MGYG000002883__gradient_L5_pectin_gapseq	1126	1183	211	R_EX_cpd11416_c0	0.048074	0.012039	0.016741
MGYG000002883__gradient_L6_resistant_starch_gapseq	1126	1183	211	R_EX_cpd11416_c0	0.048074	0.012039	0.016876
MGYG000002883__gradient_L7_bglucan_gapseq	1126	1183	211	R_EX_cpd11416_c0	0.048074	0.012039	0.016777
MGYG000002883__gradient_L8_hmo_gapseq	1126	1183	211	R_EX_cpd11416_c0	0.048074	0.012039	0.016727
MGYG000002883__gradient_L9_mos_gapseq	1126	1183	211	R_EX_cpd11416_c0	0.048074	0.012039	0.016752
MGYG000002903__gradient_L0_base_gapseq	1219	1223	232	R_EX_cpd11416_c0	0.036743	0.012684	0.017588
MGYG000002903__gradient_L1_inulin_gapseq	1219	1223	232	R_EX_cpd11416_c0	0.122565	0.012684	0.017771
MGYG000002903__gradient_L2_fos_gapseq	1219	1223	232	R_EX_cpd11416_c0	0.122565	0.012684	0.017688
MGYG000002903__gradient_L3_gos_gapseq	1219	1223	232	R_EX_cpd11416_c0	0.122565	0.012684	0.017728
MGYG000002903__gradient_L4_xos_gapseq	1219	1223	232	R_EX_cpd11416_c0	0.122565	0.012684	0.017724
MGYG000002903__gradient_L5_pectin_gapseq	1219	1223	232	R_EX_cpd11416_c0	0.122565	0.012684	0.017759
MGYG000002903__gradient_L6_resistant_starch_gapseq	1219	1223	232	R_EX_cpd11416_c0	0.204282	0.012684	0.017738
MGYG000002903__gradient_L7_bglucan_gapseq	1219	1223	232	R_EX_cpd11416_c0	0.204282	0.012684	0.017939
MGYG000002903__gradient_L8_hmo_gapseq	1219	1223	232	R_EX_cpd11416_c0	0.204282	0.012684	0.017849
MGYG000002903__gradient_L9_mos_gapseq	1219	1223	232	R_EX_cpd11416_c0	0.204282	0.012684	0.018206
MGYG000002926__gradient_L0_base_gapseq	1048	1146	261	R_EX_cpd11416_c0	-0.000000	0.011780	0.006207
MGYG000002926__gradient_L1_inulin_gapseq	1048	1146	261	R_EX_cpd11416_c0	-0.000000	0.011780	0.006540
MGYG000002926__gradient_L2_fos_gapseq	1048	1146	261	R_EX_cpd11416_c0	-0.000000	0.011780	0.006628
MGYG000002926__gradient_L3_gos_gapseq	1048	1146	261	R_EX_cpd11416_c0	-0.000000	0.011780	0.006507
MGYG000002926__gradient_L4_xos_gapseq	1048	1146	261	R_EX_cpd11416_c0	-0.000000	0.011780	0.006920
MGYG000002926__gradient_L5_pectin_gapseq	1048	1146	261	R_EX_cpd11416_c0	-0.000000	0.011780	0.006646
MGYG000002926__gradient_L6_resistant_starch_gapseq	1048	1146	261	R_EX_cpd11416_c0	-0.000000	0.011780	0.006652
MGYG000002926__gradient_L7_bglucan_gapseq	1048	1146	261	R_EX_cpd11416_c0	-0.000000	0.011780	0.006648
MGYG000002926__gradient_L8_hmo_gapseq	1048	1146	261	R_EX_cpd11416_c0	-0.000000	0.011780	0.006726
MGYG000002926__gradient_L9_mos_gapseq	1048	1146	261	R_EX_cpd11416_c0	-0.000000	0.011780	0.006737
MGYG000002959__gradient_L0_base_gapseq	1102	1212	273	R_EX_cpd11416_c0	0.347649	0.012999	0.019115
MGYG000002959__gradient_L1_inulin_gapseq	1102	1212	273	R_EX_cpd11416_c0	0.499900	0.012999	0.019818
MGYG000002959__gradient_L2_fos_gapseq	1102	1212	273	R_EX_cpd11416_c0	0.499900	0.012999	0.019976
MGYG000002959__gradient_L3_gos_gapseq	1102	1212	273	R_EX_cpd11416_c0	0.499900	0.012999	0.019801
MGYG000002959__gradient_L4_xos_gapseq	1102	1212	273	R_EX_cpd11416_c0	0.499900	0.012999	0.019523
MGYG000002959__gradient_L5_pectin_gapseq	1102	1212	273	R_EX_cpd11416_c0	0.499900	0.012999	0.019762
MGYG000002959__gradient_L6_resistant_starch_gapseq	1102	1212	273	R_EX_cpd11416_c0	0.499900	0.012999	0.019861
MGYG000002959__gradient_L7_bglucan_gapseq	1102	1212	273	R_EX_cpd11416_c0	0.499900	0.012999	0.019682
MGYG000002959__gradient_L8_hmo_gapseq	1102	1212	273	R_EX_cpd11416_c0	0.499900	0.012999	0.019605
MGYG000002959__gradient_L9_mos_gapseq	1102	1212	273	R_EX_cpd11416_c0	0.499900	0.012999	0.019808
MGYG000003125__gradient_L0_base_gapseq	1622	1897	469	R_EX_cpd11416_c0	0.496449	0.020446	0.034722
MGYG000003125__gradient_L1_inulin_gapseq	1622	1897	469	R_EX_cpd11416_c0	0.780347	0.020446	0.034016
MGYG000003125__gradient_L2_fos_gapseq	1622	1897	469	R_EX_cpd11416_c0	0.780347	0.020446	0.033691
MGYG000003125__gradient_L3_gos_gapseq	1622	1897	469	R_EX_cpd11416_c0	0.878620	0.020446	0.033796
MGYG000003125__gradient_L4_xos_gapseq	1622	1897	469	R_EX_cpd11416_c0	0.955054	0.020446	0.035033
MGYG000003125__gradient_L5_pectin_gapseq	1622	1897	469	R_EX_cpd11416_c0	0.955054	0.020446	0.034624
MGYG000003125__gradient_L6_resistant_starch_gapseq	1622	1897	469	R_EX_cpd11416_c0	1.488206	0.020446	0.033215
MGYG000003125__gradient_L7_bglucan_gapseq	1622	1897	469	R_EX_cpd11416_c0	1.488206	0.020446	0.032668
MGYG000003125__gradient_L8_hmo_gapseq	1622	1897	469	R_EX_cpd11416_c0	1.488206	0.020446	0.033407
MGYG000003125__gradient_L9_mos_gapseq	1622	1897	469	R_EX_cpd11416_c0	1.597365	0.020446	0.033584
MGYG000003226__gradient_L0_base_gapseq	1037	1134	256	R_EX_cpd11416_c0	-0.000000	0.011529	0.005677
MGYG000003226__gradient_L1_inulin_gapseq	1037	1134	256	R_EX_cpd11416_c0	-0.000000	0.011529	0.005759
MGYG000003226__gradient_L2_fos_gapseq	1037	1134	256	R_EX_cpd11416_c0	-0.000000	0.011529	0.005517
MGYG000003226__gradient_L3_gos_gapseq	1037	1134	256	R_EX_cpd11416_c0	0.199073	0.011529	0.015193
MGYG000003226__gradient_L4_xos_gapseq	1037	1134	256	R_EX_cpd11416_c0	0.199073	0.011529	0.015135
MGYG000003226__gradient_L5_pectin_gapseq	1037	1134	256	R_EX_cpd11416_c0	0.222495	0.011529	0.014998
MGYG000003226__gradient_L6_resistant_starch_gapseq	1037	1134	256	R_EX_cpd11416_c0	0.559765	0.011529	0.015093
MGYG000003226__gradient_L7_bglucan_gapseq	1037	1134	256	R_EX_cpd11416_c0	0.679215	0.011529	0.015400
MGYG000003226__gradient_L8_hmo_gapseq	1037	1134	256	R_EX_cpd11416_c0	0.758849	0.011529	0.015000
MGYG000003226__gradient_L9_mos_gapseq	1037	1134	256	R_EX_cpd11416_c0	0.758849	0.011529	0.015607
MGYG000003358__gradient_L0_base_gapseq	2319	2886	1271	R_EX_cpd11416_c0	1.536731	0.031873	0.063186
MGYG000003358__gradient_L1_inulin_gapseq	2319	2886	1271	R_EX_cpd11416_c0	1.858841	0.031873	0.064157
MGYG000003358__gradient_L2_fos_gapseq	2319	2886	1271	R_EX_cpd11416_c0	1.858841	0.031873	0.063088
MGYG000003358__gradient_L3_gos_gapseq	2319	2886	1271	R_EX_cpd11416_c0	2.205313	0.031873	0.059397
MGYG000003358__gradient_L4_xos_gapseq	2319	2886	1271	R_EX_cpd11416_c0	2.375966	0.031873	0.059522
MGYG000003358__gradient_L5_pectin_gapseq	2319	2886	1271	R_EX_cpd11416_c0	2.419212	0.031873	0.060567
MGYG000003358__gradient_L6_resistant_starch_gapseq	2319	2886	1271	R_EX_cpd11416_c0	3.066457	0.031873	0.062929
MGYG000003358__gradient_L7_bglucan_gapseq	2319	2886	1271	R_EX_cpd11416_c0	3.285066	0.031873	0.064085
MGYG000003358__gradient_L8_hmo_gapseq	2319	2886	1271	R_EX_cpd11416_c0	3.285066	0.031873	0.063230
MGYG000003358__gradient_L9_mos_gapseq	2319	2886	1271	R_EX_cpd11416_c0	3.425390	0.031873	0.063763
MGYG000003476__gradient_L0_base_gapseq	847	851	156	R_EX_cpd11416_c0	0.243039	0.009624	0.009889
MGYG000003476__gradient_L1_inulin_gapseq	847	851	156	R_EX_cpd11416_c0	0.465830	0.009624	0.009939
MGYG000003476__gradient_L2_fos_gapseq	847	851	156	R_EX_cpd11416_c0	0.465830	0.009624	0.009851
MGYG000003476__gradient_L3_gos_gapseq	847	851	156	R_EX_cpd11416_c0	0.625328	0.009624	0.010292
MGYG000003476__gradient_L4_xos_gapseq	847	851	156	R_EX_cpd11416_c0	0.625328	0.009624	0.010448
MGYG000003476__gradient_L5_pectin_gapseq	847	851	156	R_EX_cpd11416_c0	0.660772	0.009624	0.010705
MGYG000003476__gradient_L6_resistant_starch_gapseq	847	851	156	R_EX_cpd11416_c0	0.751914	0.009624	0.010719
MGYG000003476__gradient_L7_bglucan_gapseq	847	851	156	R_EX_cpd11416_c0	0.751914	0.009624	0.010808
MGYG000003476__gradient_L8_hmo_gapseq	847	851	156	R_EX_cpd11416_c0	0.751914	0.009624	0.010952
MGYG000003476__gradient_L9_mos_gapseq	847	851	156	R_EX_cpd11416_c0	0.792422	0.009624	0.010591
MGYG000003686__gradient_L0_base_gapseq	1209	1282	324	R_EX_cpd11416_c0	-0.000000	0.013799	0.006417
MGYG000003686__gradient_L1_inulin_gapseq	1209	1282	324	R_EX_cpd11416_c0	-0.000000	0.013799	0.007684
MGYG000003686__gradient_L2_fos_gapseq	1209	1282	324	R_EX_cpd11416_c0	-0.000000	0.013799	0.007575
MGYG000003686__gradient_L3_gos_gapseq	1209	1282	324	R_EX_cpd11416_c0	-0.000000	0.013799	0.007607
MGYG000003686__gradient_L4_xos_gapseq	1209	1282	324	R_EX_cpd11416_c0	-0.000000	0.013799	0.007604
MGYG000003686__gradient_L5_pectin_gapseq	1209	1282	324	R_EX_cpd11416_c0	-0.000000	0.013799	0.007671
MGYG000003686__gradient_L6_resistant_starch_gapseq	1209	1282	324	R_EX_cpd11416_c0	-0.000000	0.013799	0.007306
MGYG000003686__gradient_L7_bglucan_gapseq	1209	1282	324	R_EX_cpd11416_c0	-0.000000	0.013799	0.007305
MGYG000003686__gradient_L8_hmo_gapseq	1209	1282	324	R_EX_cpd11416_c0	-0.000000	0.013799	0.007327
MGYG000003686__gradient_L9_mos_gapseq	1209	1282	324	R_EX_cpd11416_c0	-0.000000	0.013799	0.007349
MGYG000003713__gradient_L0_base_gapseq	1237	1337	324	R_EX_cpd11416_c0	0.365371	0.013501	0.021897
MGYG000003713__gradient_L1_inulin_gapseq	1237	1337	324	R_EX_cpd11416_c0	0.517820	0.013501	0.021876
MGYG000003713__gradient_L2_fos_gapseq	1237	1337	324	R_EX_cpd11416_c0	0.517820	0.013501	0.021252
MGYG000003713__gradient_L3_gos_gapseq	1237	1337	324	R_EX_cpd11416_c0	0.517820	0.013501	0.021415
MGYG000003713__gradient_L4_xos_gapseq	1237	1337	324	R_EX_cpd11416_c0	0.517820	0.013501	0.021938
MGYG000003713__gradient_L5_pectin_gapseq	1237	1337	324	R_EX_cpd11416_c0	0.517820	0.013501	0.021280
MGYG000003713__gradient_L6_resistant_starch_gapseq	1237	1337	324	R_EX_cpd11416_c0	0.517820	0.013501	0.021326
MGYG000003713__gradient_L7_bglucan_gapseq	1237	1337	324	R_EX_cpd11416_c0	0.517820	0.013501	0.021681
MGYG000003713__gradient_L8_hmo_gapseq	1237	1337	324	R_EX_cpd11416_c0	0.517820	0.013501	0.021358
MGYG000003713__gradient_L9_mos_gapseq	1237	1337	324	R_EX_cpd11416_c0	0.517820	0.013501	0.021260
MGYG000003739__gradient_L0_base_gapseq	1457	1748	389	R_EX_cpd11416_c0	0.490134	0.016754	0.027426
MGYG000003739__gradient_L1_inulin_gapseq	1457	1748	389	R_EX_cpd11416_c0	0.646980	0.016754	0.027466
MGYG000003739__gradient_L2_fos_gapseq	1457	1748	389	R_EX_cpd11416_c0	0.646980	0.016754	0.027493
MGYG000003739__gradient_L3_gos_gapseq	1457	1748	389	R_EX_cpd11416_c0	0.794023	0.016754	0.027993
MGYG000003739__gradient_L4_xos_gapseq	1457	1748	389	R_EX_cpd11416_c0	0.794023	0.016754	0.027590
MGYG000003739__gradient_L5_pectin_gapseq	1457	1748	389	R_EX_cpd11416_c0	0.794023	0.016754	0.028630
MGYG000003739__gradient_L6_resistant_starch_gapseq	1457	1748	389	R_EX_cpd11416_c0	1.117541	0.016754	0.029086
MGYG000003739__gradient_L7_bglucan_gapseq	1457	1748	389	R_EX_cpd11416_c0	1.117541	0.016754	0.029324
MGYG000003739__gradient_L8_hmo_gapseq	1457	1748	389	R_EX_cpd11416_c0	1.117541	0.016754	0.029004
MGYG000003739__gradient_L9_mos_gapseq	1457	1748	389	R_EX_cpd11416_c0	1.194447	0.016754	0.030763
MGYG000003836__gradient_L0_base_gapseq	1231	1278	316	R_EX_cpd11416_c0	0.215065	0.013820	0.018617
MGYG000003836__gradient_L1_inulin_gapseq	1231	1278	316	R_EX_cpd11416_c0	0.273722	0.013820	0.019141
MGYG000003836__gradient_L2_fos_gapseq	1231	1278	316	R_EX_cpd11416_c0	0.273722	0.013820	0.019055
MGYG000003836__gradient_L3_gos_gapseq	1231	1278	316	R_EX_cpd11416_c0	0.273722	0.013820	0.018981
MGYG000003836__gradient_L4_xos_gapseq	1231	1278	316	R_EX_cpd11416_c0	0.273722	0.013820	0.019002
MGYG000003836__gradient_L5_pectin_gapseq	1231	1278	316	R_EX_cpd11416_c0	0.273722	0.013820	0.018794
MGYG000003836__gradient_L6_resistant_starch_gapseq	1231	1278	316	R_EX_cpd11416_c0	0.303051	0.013820	0.017618
MGYG000003836__gradient_L7_bglucan_gapseq	1231	1278	316	R_EX_cpd11416_c0	0.303051	0.013820	0.018061
MGYG000003836__gradient_L8_hmo_gapseq	1231	1278	316	R_EX_cpd11416_c0	0.303051	0.013820	0.017825
MGYG000003836__gradient_L9_mos_gapseq	1231	1278	316	R_EX_cpd11416_c0	0.303051	0.013820	0.017844
MGYG000003883__gradient_L0_base_gapseq	2232	2773	1128	R_EX_cpd11416_c0	-0.000000	0.029708	0.025843
MGYG000003883__gradient_L1_inulin_gapseq	2232	2773	1128	R_EX_cpd11416_c0	-0.000000	0.029708	0.024557
MGYG000003883__gradient_L2_fos_gapseq	2232	2773	1128	R_EX_cpd11416_c0	-0.000000	0.029708	0.024759
MGYG000003883__gradient_L3_gos_gapseq	2232	2773	1128	R_EX_cpd11416_c0	-0.000000	0.029708	0.024823
MGYG000003883__gradient_L4_xos_gapseq	2232	2773	1128	R_EX_cpd11416_c0	-0.000000	0.029708	0.026389
MGYG000003883__gradient_L5_pectin_gapseq	2232	2773	1128	R_EX_cpd11416_c0	-0.000000	0.029708	0.025147
MGYG000003883__gradient_L6_resistant_starch_gapseq	2232	2773	1128	R_EX_cpd11416_c0	3.033649	0.029708	0.061274
MGYG000003883__gradient_L7_bglucan_gapseq	2232	2773	1128	R_EX_cpd11416_c0	3.195793	0.029708	0.062184
MGYG000003883__gradient_L8_hmo_gapseq	2232	2773	1128	R_EX_cpd11416_c0	3.195793	0.029708	0.062991
MGYG000003883__gradient_L9_mos_gapseq	2232	2773	1128	R_EX_cpd11416_c0	3.195793	0.029708	0.064261
MGYG000003938__gradient_L0_base_gapseq	1072	1202	307	R_EX_cpd11416_c0	0.225970	0.013653	0.016610
MGYG000003938__gradient_L1_inulin_gapseq	1072	1202	307	R_EX_cpd11416_c0	0.225970	0.013653	0.017152
MGYG000003938__gradient_L2_fos_gapseq	1072	1202	307	R_EX_cpd11416_c0	0.225970	0.013653	0.017129
MGYG000003938__gradient_L3_gos_gapseq	1072	1202	307	R_EX_cpd11416_c0	0.225970	0.013653	0.016848
MGYG000003938__gradient_L4_xos_gapseq	1072	1202	307	R_EX_cpd11416_c0	0.225970	0.013653	0.016753
MGYG000003938__gradient_L5_pectin_gapseq	1072	1202	307	R_EX_cpd11416_c0	0.225970	0.013653	0.016704
MGYG000003938__gradient_L6_resistant_starch_gapseq	1072	1202	307	R_EX_cpd11416_c0	0.225970	0.013653	0.016780
MGYG000003938__gradient_L7_bglucan_gapseq	1072	1202	307	R_EX_cpd11416_c0	0.225970	0.013653	0.016847
MGYG000003938__gradient_L8_hmo_gapseq	1072	1202	307	R_EX_cpd11416_c0	0.225970	0.013653	0.016779
MGYG000003938__gradient_L9_mos_gapseq	1072	1202	307	R_EX_cpd11416_c0	0.225970	0.013653	0.016766
MGYG000004071__gradient_L0_base_gapseq	1178	1336	298	R_EX_cpd11416_c0	-0.000000	0.013851	0.007327
MGYG000004071__gradient_L1_inulin_gapseq	1178	1336	298	R_EX_cpd11416_c0	-0.000000	0.013851	0.007489
MGYG000004071__gradient_L2_fos_gapseq	1178	1336	298	R_EX_cpd11416_c0	-0.000000	0.013851	0.007617
MGYG000004071__gradient_L3_gos_gapseq	1178	1336	298	R_EX_cpd11416_c0	0.720569	0.013851	0.018968
MGYG000004071__gradient_L4_xos_gapseq	1178	1336	298	R_EX_cpd11416_c0	0.720569	0.013851	0.019242
MGYG000004071__gradient_L5_pectin_gapseq	1178	1336	298	R_EX_cpd11416_c0	0.720569	0.013851	0.019125
MGYG000004071__gradient_L6_resistant_starch_gapseq	1178	1336	298	R_EX_cpd11416_c0	1.326294	0.013851	0.018969
MGYG000004071__gradient_L7_bglucan_gapseq	1178	1336	298	R_EX_cpd11416_c0	1.326294	0.013851	0.018983
MGYG000004071__gradient_L8_hmo_gapseq	1178	1336	298	R_EX_cpd11416_c0	1.326294	0.013851	0.019044
MGYG000004071__gradient_L9_mos_gapseq	1178	1336	298	R_EX_cpd11416_c0	1.326294	0.013851	0.019114
MGYG000004090__gradient_L0_base_gapseq	1212	1357	316	R_EX_cpd11416_c0	0.293213	0.014474	0.019620
MGYG000004090__gradient_L1_inulin_gapseq	1212	1357	316	R_EX_cpd11416_c0	0.397573	0.014474	0.018802
MGYG000004090__gradient_L2_fos_gapseq	1212	1357	316	R_EX_cpd11416_c0	0.397573	0.014474	0.019453
MGYG000004090__gradient_L3_gos_gapseq	1212	1357	316	R_EX_cpd11416_c0	0.475670	0.014474	0.020306
MGYG000004090__gradient_L4_xos_gapseq	1212	1357	316	R_EX_cpd11416_c0	0.475670	0.014474	0.020631
MGYG000004090__gradient_L5_pectin_gapseq	1212	1357	316	R_EX_cpd11416_c0	0.475670	0.014474	0.020501
MGYG000004090__gradient_L6_resistant_starch_gapseq	1212	1357	316	R_EX_cpd11416_c0	0.579799	0.014474	0.020311
MGYG000004090__gradient_L7_bglucan_gapseq	1212	1357	316	R_EX_cpd11416_c0	0.579799	0.014474	0.020666
MGYG000004090__gradient_L8_hmo_gapseq	1212	1357	316	R_EX_cpd11416_c0	0.579799	0.014474	0.021569
MGYG000004090__gradient_L9_mos_gapseq	1212	1357	316	R_EX_cpd11416_c0	0.683928	0.014474	0.021049
MGYG000004103__gradient_L0_base_gapseq	861	813	113	R_EX_cpd11416_c0	-0.000000	0.010018	0.004123
MGYG000004103__gradient_L1_inulin_gapseq	861	813	113	R_EX_cpd11416_c0	-0.000000	0.010018	0.003708
MGYG000004103__gradient_L2_fos_gapseq	861	813	113	R_EX_cpd11416_c0	-0.000000	0.010018	0.004025
MGYG000004103__gradient_L3_gos_gapseq	861	813	113	R_EX_cpd11416_c0	-0.000000	0.010018	0.003709
MGYG000004103__gradient_L4_xos_gapseq	861	813	113	R_EX_cpd11416_c0	-0.000000	0.010018	0.003846
MGYG000004103__gradient_L5_pectin_gapseq	861	813	113	R_EX_cpd11416_c0	-0.000000	0.010018	0.003596
MGYG000004103__gradient_L6_resistant_starch_gapseq	861	813	113	R_EX_cpd11416_c0	-0.000000	0.010018	0.003529
MGYG000004103__gradient_L7_bglucan_gapseq	861	813	113	R_EX_cpd11416_c0	-0.000000	0.010018	0.003551
MGYG000004103__gradient_L8_hmo_gapseq	861	813	113	R_EX_cpd11416_c0	-0.000000	0.010018	0.003528
MGYG000004103__gradient_L9_mos_gapseq	861	813	113	R_EX_cpd11416_c0	-0.000000	0.010018	0.003830
MGYG000004134__gradient_L0_base_gapseq	1169	1245	307	R_EX_cpd11416_c0	-0.000000	0.013523	0.008043
MGYG000004134__gradient_L1_inulin_gapseq	1169	1245	307	R_EX_cpd11416_c0	0.233463	0.013523	0.019982
MGYG000004134__gradient_L2_fos_gapseq	1169	1245	307	R_EX_cpd11416_c0	0.233463	0.013523	0.019365
MGYG000004134__gradient_L3_gos_gapseq	1169	1245	307	R_EX_cpd11416_c0	0.233463	0.013523	0.019181
MGYG000004134__gradient_L4_xos_gapseq	1169	1245	307	R_EX_cpd11416_c0	0.244497	0.013523	0.019099
MGYG000004134__gradient_L5_pectin_gapseq	1169	1245	307	R_EX_cpd11416_c0	0.244497	0.013523	0.018541
MGYG000004134__gradient_L6_resistant_starch_gapseq	1169	1245	307	R_EX_cpd11416_c0	0.249541	0.013523	0.019047
MGYG000004134__gradient_L7_bglucan_gapseq	1169	1245	307	R_EX_cpd11416_c0	0.249541	0.013523	0.019265
MGYG000004134__gradient_L8_hmo_gapseq	1169	1245	307	R_EX_cpd11416_c0	0.249541	0.013523	0.019235
MGYG000004134__gradient_L9_mos_gapseq	1169	1245	307	R_EX_cpd11416_c0	0.249541	0.013523	0.019254
MGYG000004175__gradient_L0_base_gapseq	710	669	94	R_EX_cpd11416_c0	-0.000000	0.007114	0.002930
MGYG000004175__gradient_L1_inulin_gapseq	710	669	94	R_EX_cpd11416_c0	-0.000000	0.007114	0.002887
MGYG000004175__gradient_L2_fos_gapseq	710	669	94	R_EX_cpd11416_c0	-0.000000	0.007114	0.002790
MGYG000004175__gradient_L3_gos_gapseq	710	669	94	R_EX_cpd11416_c0	-0.000000	0.007114	0.002797
MGYG000004175__gradient_L4_xos_gapseq	710	669	94	R_EX_cpd11416_c0	-0.000000	0.007114	0.002715
MGYG000004175__gradient_L5_pectin_gapseq	710	669	94	R_EX_cpd11416_c0	-0.000000	0.007114	0.002790
MGYG000004175__gradient_L6_resistant_starch_gapseq	710	669	94	R_EX_cpd11416_c0	-0.000000	0.007114	0.002810
MGYG000004175__gradient_L7_bglucan_gapseq	710	669	94	R_EX_cpd11416_c0	-0.000000	0.007114	0.002735
MGYG000004175__gradient_L8_hmo_gapseq	710	669	94	R_EX_cpd11416_c0	-0.000000	0.007114	0.002774
MGYG000004175__gradient_L9_mos_gapseq	710	669	94	R_EX_cpd11416_c0	-0.000000	0.007114	0.002702
MGYG000004208__gradient_L0_base_gapseq	1209	1384	305	R_EX_cpd11416_c0	-0.000000	0.013710	0.008158
MGYG000004208__gradient_L1_inulin_gapseq	1209	1384	305	R_EX_cpd11416_c0	-0.000000	0.013710	0.007942
MGYG000004208__gradient_L2_fos_gapseq	1209	1384	305	R_EX_cpd11416_c0	-0.000000	0.013710	0.007927
MGYG000004208__gradient_L3_gos_gapseq	1209	1384	305	R_EX_cpd11416_c0	-0.000000	0.013710	0.007973
MGYG000004208__gradient_L4_xos_gapseq	1209	1384	305	R_EX_cpd11416_c0	0.275486	0.013710	0.018245
MGYG000004208__gradient_L5_pectin_gapseq	1209	1384	305	R_EX_cpd11416_c0	0.275486	0.013710	0.018492
MGYG000004208__gradient_L6_resistant_starch_gapseq	1209	1384	305	R_EX_cpd11416_c0	0.341804	0.013710	0.018356
MGYG000004208__gradient_L7_bglucan_gapseq	1209	1384	305	R_EX_cpd11416_c0	0.447223	0.013710	0.018471
MGYG000004208__gradient_L8_hmo_gapseq	1209	1384	305	R_EX_cpd11416_c0	0.447223	0.013710	0.018560
MGYG000004208__gradient_L9_mos_gapseq	1209	1384	305	R_EX_cpd11416_c0	0.511114	0.013710	0.018544
MGYG000004219__gradient_L0_base_gapseq	1238	1379	304	R_EX_cpd11416_c0	-0.000000	0.014724	0.008295
MGYG000004219__gradient_L1_inulin_gapseq	1238	1379	304	R_EX_cpd11416_c0	-0.000000	0.014724	0.008175
MGYG000004219__gradient_L2_fos_gapseq	1238	1379	304	R_EX_cpd11416_c0	-0.000000	0.014724	0.008003
MGYG000004219__gradient_L3_gos_gapseq	1238	1379	304	R_EX_cpd11416_c0	-0.000000	0.014724	0.008155
MGYG000004219__gradient_L4_xos_gapseq	1238	1379	304	R_EX_cpd11416_c0	-0.000000	0.014724	0.008266
MGYG000004219__gradient_L5_pectin_gapseq	1238	1379	304	R_EX_cpd11416_c0	-0.000000	0.014724	0.008072
MGYG000004219__gradient_L6_resistant_starch_gapseq	1238	1379	304	R_EX_cpd11416_c0	-0.000000	0.014724	0.007801
MGYG000004219__gradient_L7_bglucan_gapseq	1238	1379	304	R_EX_cpd11416_c0	-0.000000	0.014724	0.007969
MGYG000004219__gradient_L8_hmo_gapseq	1238	1379	304	R_EX_cpd11416_c0	-0.000000	0.014724	0.007921
MGYG000004219__gradient_L9_mos_gapseq	1238	1379	304	R_EX_cpd11416_c0	-0.000000	0.014724	0.007984
MGYG000004337__gradient_L0_base_gapseq	1327	1398	340	R_EX_cpd11416_c0	0.418021	0.015972	0.022267
MGYG000004337__gradient_L1_inulin_gapseq	1327	1398	340	R_EX_cpd11416_c0	0.566651	0.015972	0.021693
MGYG000004337__gradient_L2_fos_gapseq	1327	1398	340	R_EX_cpd11416_c0	0.566651	0.015972	0.021888
MGYG000004337__gradient_L3_gos_gapseq	1327	1398	340	R_EX_cpd11416_c0	0.566651	0.015972	0.021612
MGYG000004337__gradient_L4_xos_gapseq	1327	1398	340	R_EX_cpd11416_c0	0.566651	0.015972	0.021807
MGYG000004337__gradient_L5_pectin_gapseq	1327	1398	340	R_EX_cpd11416_c0	0.566651	0.015972	0.021849
MGYG000004337__gradient_L6_resistant_starch_gapseq	1327	1398	340	R_EX_cpd11416_c0	0.683582	0.015972	0.021595
MGYG000004337__gradient_L7_bglucan_gapseq	1327	1398	340	R_EX_cpd11416_c0	0.683582	0.015972	0.021694
MGYG000004337__gradient_L8_hmo_gapseq	1327	1398	340	R_EX_cpd11416_c0	0.683582	0.015972	0.021784
MGYG000004337__gradient_L9_mos_gapseq	1327	1398	340	R_EX_cpd11416_c0	0.683582	0.015972	0.021812
MGYG000004370__gradient_L0_base_gapseq	1134	1198	210	R_EX_cpd11416_c0	-0.000000	0.013336	0.007020
MGYG000004370__gradient_L1_inulin_gapseq	1134	1198	210	R_EX_cpd11416_c0	-0.000000	0.013336	0.006937
MGYG000004370__gradient_L2_fos_gapseq	1134	1198	210	R_EX_cpd11416_c0	-0.000000	0.013336	0.006991
MGYG000004370__gradient_L3_gos_gapseq	1134	1198	210	R_EX_cpd11416_c0	-0.000000	0.013336	0.006764
MGYG000004370__gradient_L4_xos_gapseq	1134	1198	210	R_EX_cpd11416_c0	-0.000000	0.013336	0.006768
MGYG000004370__gradient_L5_pectin_gapseq	1134	1198	210	R_EX_cpd11416_c0	-0.000000	0.013336	0.006889
MGYG000004370__gradient_L6_resistant_starch_gapseq	1134	1198	210	R_EX_cpd11416_c0	-0.000000	0.013336	0.007266
MGYG000004370__gradient_L7_bglucan_gapseq	1134	1198	210	R_EX_cpd11416_c0	-0.000000	0.013336	0.007013
MGYG000004370__gradient_L8_hmo_gapseq	1134	1198	210	R_EX_cpd11416_c0	-0.000000	0.013336	0.007272
MGYG000004370__gradient_L9_mos_gapseq	1134	1198	210	R_EX_cpd11416_c0	-0.000000	0.013336	0.007147
MGYG000004380__gradient_L0_base_gapseq	1388	1526	354	R_EX_cpd11416_c0	-0.000000	0.015855	0.008704
MGYG000004380__gradient_L1_inulin_gapseq	1388	1526	354	R_EX_cpd11416_c0	-0.000000	0.015855	0.008639
MGYG000004380__gradient_L2_fos_gapseq	1388	1526	354	R_EX_cpd11416_c0	-0.000000	0.015855	0.008697
MGYG000004380__gradient_L3_gos_gapseq	1388	1526	354	R_EX_cpd11416_c0	0.855061	0.015855	0.023203
MGYG000004380__gradient_L4_xos_gapseq	1388	1526	354	R_EX_cpd11416_c0	0.855061	0.015855	0.023220
MGYG000004380__gradient_L5_pectin_gapseq	1388	1526	354	R_EX_cpd11416_c0	0.855061	0.015855	0.022993
MGYG000004380__gradient_L6_resistant_starch_gapseq	1388	1526	354	R_EX_cpd11416_c0	1.393218	0.015855	0.022774
MGYG000004380__gradient_L7_bglucan_gapseq	1388	1526	354	R_EX_cpd11416_c0	1.393218	0.015855	0.022996
MGYG000004380__gradient_L8_hmo_gapseq	1388	1526	354	R_EX_cpd11416_c0	1.393218	0.015855	0.022968
MGYG000004380__gradient_L9_mos_gapseq	1388	1526	354	R_EX_cpd11416_c0	1.393218	0.015855	0.022944
MGYG000004425__gradient_L0_base_gapseq	874	960	174	R_EX_cpd11416_c0	-0.000000	0.011563	0.005029
MGYG000004425__gradient_L1_inulin_gapseq	874	960	174	R_EX_cpd11416_c0	-0.000000	0.011563	0.004979
MGYG000004425__gradient_L2_fos_gapseq	874	960	174	R_EX_cpd11416_c0	-0.000000	0.011563	0.005027
MGYG000004425__gradient_L3_gos_gapseq	874	960	174	R_EX_cpd11416_c0	0.423508	0.011563	0.012013
MGYG000004425__gradient_L4_xos_gapseq	874	960	174	R_EX_cpd11416_c0	0.423508	0.011563	0.011917
MGYG000004425__gradient_L5_pectin_gapseq	874	960	174	R_EX_cpd11416_c0	0.473068	0.011563	0.012000
MGYG000004425__gradient_L6_resistant_starch_gapseq	874	960	174	R_EX_cpd11416_c0	1.083715	0.011563	0.012301
MGYG000004425__gradient_L7_bglucan_gapseq	874	960	174	R_EX_cpd11416_c0	1.083715	0.011563	0.012310
MGYG000004425__gradient_L8_hmo_gapseq	874	960	174	R_EX_cpd11416_c0	1.083715	0.011563	0.012245
MGYG000004425__gradient_L9_mos_gapseq	874	960	174	R_EX_cpd11416_c0	1.186315	0.011563	0.012418
MGYG000004501__gradient_L0_base_gapseq	1161	1280	286	R_EX_cpd11416_c0	-0.000000	0.013473	0.008555
MGYG000004501__gradient_L1_inulin_gapseq	1161	1280	286	R_EX_cpd11416_c0	-0.000000	0.013473	0.008489
MGYG000004501__gradient_L2_fos_gapseq	1161	1280	286	R_EX_cpd11416_c0	-0.000000	0.013473	0.008186
MGYG000004501__gradient_L3_gos_gapseq	1161	1280	286	R_EX_cpd11416_c0	0.477433	0.013473	0.019956
MGYG000004501__gradient_L4_xos_gapseq	1161	1280	286	R_EX_cpd11416_c0	0.490454	0.013473	0.020934
MGYG000004501__gradient_L5_pectin_gapseq	1161	1280	286	R_EX_cpd11416_c0	0.490454	0.013473	0.020837
MGYG000004501__gradient_L6_resistant_starch_gapseq	1161	1280	286	R_EX_cpd11416_c0	0.594624	0.013473	0.020757
MGYG000004501__gradient_L7_bglucan_gapseq	1161	1280	286	R_EX_cpd11416_c0	0.594624	0.013473	0.021052
MGYG000004501__gradient_L8_hmo_gapseq	1161	1280	286	R_EX_cpd11416_c0	0.594624	0.013473	0.020000
MGYG000004501__gradient_L9_mos_gapseq	1161	1280	286	R_EX_cpd11416_c0	0.594624	0.013473	0.019464
MGYG000004527__gradient_L0_base_gapseq	728	672	93	R_EX_cpd11416_c0	-0.000000	0.008162	0.002990
MGYG000004527__gradient_L1_inulin_gapseq	728	672	93	R_EX_cpd11416_c0	-0.000000	0.008162	0.002582
MGYG000004527__gradient_L2_fos_gapseq	728	672	93	R_EX_cpd11416_c0	-0.000000	0.008162	0.002478
MGYG000004527__gradient_L3_gos_gapseq	728	672	93	R_EX_cpd11416_c0	-0.000000	0.008162	0.002480
MGYG000004527__gradient_L4_xos_gapseq	728	672	93	R_EX_cpd11416_c0	-0.000000	0.008162	0.002604
MGYG000004527__gradient_L5_pectin_gapseq	728	672	93	R_EX_cpd11416_c0	-0.000000	0.008162	0.002603
MGYG000004527__gradient_L6_resistant_starch_gapseq	728	672	93	R_EX_cpd11416_c0	-0.000000	0.008162	0.002493
MGYG000004527__gradient_L7_bglucan_gapseq	728	672	93	R_EX_cpd11416_c0	-0.000000	0.008162	0.002427
MGYG000004527__gradient_L8_hmo_gapseq	728	672	93	R_EX_cpd11416_c0	-0.000000	0.008162	0.002667
MGYG000004527__gradient_L9_mos_gapseq	728	672	93	R_EX_cpd11416_c0	-0.000000	0.008162	0.002515
MGYG000004592__gradient_L0_base_gapseq	1229	1256	262	R_EX_cpd11416_c0	-0.000000	0.013310	0.006921
MGYG000004592__gradient_L1_inulin_gapseq	1229	1256	262	R_EX_cpd11416_c0	-0.000000	0.013310	0.006825
MGYG000004592__gradient_L2_fos_gapseq	1229	1256	262	R_EX_cpd11416_c0	-0.000000	0.013310	0.006965
MGYG000004592__gradient_L3_gos_gapseq	1229	1256	262	R_EX_cpd11416_c0	-0.000000	0.013310	0.006851
MGYG000004592__gradient_L4_xos_gapseq	1229	1256	262	R_EX_cpd11416_c0	-0.000000	0.013310	0.006894
MGYG000004592__gradient_L5_pectin_gapseq	1229	1256	262	R_EX_cpd11416_c0	-0.000000	0.013310	0.006885
MGYG000004592__gradient_L6_resistant_starch_gapseq	1229	1256	262	R_EX_cpd11416_c0	0.357703	0.013310	0.017240
MGYG000004592__gradient_L7_bglucan_gapseq	1229	1256	262	R_EX_cpd11416_c0	0.548326	0.013310	0.017241
MGYG000004592__gradient_L8_hmo_gapseq	1229	1256	262	R_EX_cpd11416_c0	0.548326	0.013310	0.016971
MGYG000004592__gradient_L9_mos_gapseq	1229	1256	262	R_EX_cpd11416_c0	0.548326	0.013310	0.017027
MGYG000004633__gradient_L0_base_gapseq	1263	1434	374	R_EX_cpd11416_c0	0.652428	0.015028	0.021916
MGYG000004633__gradient_L1_inulin_gapseq	1263	1434	374	R_EX_cpd11416_c0	0.936482	0.015028	0.023419
MGYG000004633__gradient_L2_fos_gapseq	1263	1434	374	R_EX_cpd11416_c0	0.936482	0.015028	0.021980
MGYG000004633__gradient_L3_gos_gapseq	1263	1434	374	R_EX_cpd11416_c0	1.193879	0.015028	0.023116
MGYG000004633__gradient_L4_xos_gapseq	1263	1434	374	R_EX_cpd11416_c0	1.193879	0.015028	0.022934
MGYG000004633__gradient_L5_pectin_gapseq	1263	1434	374	R_EX_cpd11416_c0	1.193879	0.015028	0.022735
MGYG000004633__gradient_L6_resistant_starch_gapseq	1263	1434	374	R_EX_cpd11416_c0	1.782326	0.015028	0.022925
MGYG000004633__gradient_L7_bglucan_gapseq	1263	1434	374	R_EX_cpd11416_c0	1.782326	0.015028	0.022613
MGYG000004633__gradient_L8_hmo_gapseq	1263	1434	374	R_EX_cpd11416_c0	1.782326	0.015028	0.023602
MGYG000004633__gradient_L9_mos_gapseq	1263	1434	374	R_EX_cpd11416_c0	1.918285	0.015028	0.022691
MGYG000004637__gradient_L0_base_gapseq	1072	1117	255	R_EX_cpd11416_c0	0.043328	0.012659	0.014902
MGYG000004637__gradient_L1_inulin_gapseq	1072	1117	255	R_EX_cpd11416_c0	0.083918	0.012659	0.015030
MGYG000004637__gradient_L2_fos_gapseq	1072	1117	255	R_EX_cpd11416_c0	0.083918	0.012659	0.015061
MGYG000004637__gradient_L3_gos_gapseq	1072	1117	255	R_EX_cpd11416_c0	0.083918	0.012659	0.015153
MGYG000004637__gradient_L4_xos_gapseq	1072	1117	255	R_EX_cpd11416_c0	0.083918	0.012659	0.015246
MGYG000004637__gradient_L5_pectin_gapseq	1072	1117	255	R_EX_cpd11416_c0	0.083918	0.012659	0.014747
MGYG000004637__gradient_L6_resistant_starch_gapseq	1072	1117	255	R_EX_cpd11416_c0	0.083918	0.012659	0.015535
MGYG000004637__gradient_L7_bglucan_gapseq	1072	1117	255	R_EX_cpd11416_c0	0.083918	0.012659	0.015475
MGYG000004637__gradient_L8_hmo_gapseq	1072	1117	255	R_EX_cpd11416_c0	0.083918	0.012659	0.016439
MGYG000004637__gradient_L9_mos_gapseq	1072	1117	255	R_EX_cpd11416_c0	0.083918	0.012659	0.016087
MGYG000004739__gradient_L0_base_gapseq	1337	1596	360	R_EX_cpd11416_c0	-0.000000	0.016378	0.011367
MGYG000004739__gradient_L1_inulin_gapseq	1337	1596	360	R_EX_cpd11416_c0	-0.000000	0.016378	0.010952
MGYG000004739__gradient_L2_fos_gapseq	1337	1596	360	R_EX_cpd11416_c0	-0.000000	0.016378	0.010718
MGYG000004739__gradient_L3_gos_gapseq	1337	1596	360	R_EX_cpd11416_c0	1.021458	0.016378	0.028619
MGYG000004739__gradient_L4_xos_gapseq	1337	1596	360	R_EX_cpd11416_c0	1.066025	0.016378	0.027443
MGYG000004739__gradient_L5_pectin_gapseq	1337	1596	360	R_EX_cpd11416_c0	1.066025	0.016378	0.027535
MGYG000004739__gradient_L6_resistant_starch_gapseq	1337	1596	360	R_EX_cpd11416_c0	1.421371	0.016378	0.027904
MGYG000004739__gradient_L7_bglucan_gapseq	1337	1596	360	R_EX_cpd11416_c0	1.537541	0.016378	0.027935
MGYG000004739__gradient_L8_hmo_gapseq	1337	1596	360	R_EX_cpd11416_c0	1.537541	0.016378	0.028088
MGYG000004739__gradient_L9_mos_gapseq	1337	1596	360	R_EX_cpd11416_c0	1.610432	0.016378	0.028642
MGYG000004797__gradient_L0_base_gapseq	1513	1809	564	R_EX_cpd11416_c0	0.958169	0.019802	0.031147
MGYG000004797__gradient_L1_inulin_gapseq	1513	1809	564	R_EX_cpd11416_c0	1.063569	0.019802	0.031818
MGYG000004797__gradient_L2_fos_gapseq	1513	1809	564	R_EX_cpd11416_c0	1.063569	0.019802	0.031964
MGYG000004797__gradient_L3_gos_gapseq	1513	1809	564	R_EX_cpd11416_c0	1.142619	0.019802	0.032691
MGYG000004797__gradient_L4_xos_gapseq	1513	1809	564	R_EX_cpd11416_c0	1.207296	0.019802	0.033468
MGYG000004797__gradient_L5_pectin_gapseq	1513	1809	564	R_EX_cpd11416_c0	1.240832	0.019802	0.032554
MGYG000004797__gradient_L6_resistant_starch_gapseq	1513	1809	564	R_EX_cpd11416_c0	1.722317	0.019802	0.032224
MGYG000004797__gradient_L7_bglucan_gapseq	1513	1809	564	R_EX_cpd11416_c0	1.887590	0.019802	0.033793
MGYG000004797__gradient_L8_hmo_gapseq	1513	1809	564	R_EX_cpd11416_c0	1.887590	0.019802	0.033429
MGYG000004797__gradient_L9_mos_gapseq	1513	1809	564	R_EX_cpd11416_c0	1.988179	0.019802	0.034297
MGYG000004855__gradient_L0_base_gapseq	1388	1630	484	R_EX_cpd11416_c0	-0.000000	0.017361	0.010690
MGYG000004855__gradient_L1_inulin_gapseq	1388	1630	484	R_EX_cpd11416_c0	-0.000000	0.017361	0.010858
MGYG000004855__gradient_L2_fos_gapseq	1388	1630	484	R_EX_cpd11416_c0	-0.000000	0.017361	0.010776
MGYG000004855__gradient_L3_gos_gapseq	1388	1630	484	R_EX_cpd11416_c0	1.680999	0.017361	0.026531
MGYG000004855__gradient_L4_xos_gapseq	1388	1630	484	R_EX_cpd11416_c0	1.680999	0.017361	0.028519
MGYG000004855__gradient_L5_pectin_gapseq	1388	1630	484	R_EX_cpd11416_c0	1.680999	0.017361	0.026938
MGYG000004855__gradient_L6_resistant_starch_gapseq	1388	1630	484	R_EX_cpd11416_c0	2.409482	0.017361	0.027796
MGYG000004855__gradient_L7_bglucan_gapseq	1388	1630	484	R_EX_cpd11416_c0	2.653702	0.017361	0.027343
MGYG000004855__gradient_L8_hmo_gapseq	1388	1630	484	R_EX_cpd11416_c0	2.653702	0.017361	0.028004
MGYG000004855__gradient_L9_mos_gapseq	1388	1630	484	R_EX_cpd11416_c0	2.787292	0.017361	0.027971
